p_id,item_id,price,category_l1_id,category_l1,category_l2_id,category_l2,category_l3_id,category_l3,category_id,category,description,brand,manufacturer,creation_timestamp,is_deleted,created_date,updated_date,sync_status_id,last_sync_date,sync_error_message,image_url,gender_target,age_group,item_type,gp,weight,color,size,origin,volume,material,sale_status,description_new
17065,0502020000004,99000.0000,1,Babycare,35,"Bình sữa, phụ kiện",7050,Núm ty,7058,Núm ty Dr Brown,Không xác định,Dr.Brown's,Không xác định,1333531544,False,2012-04-04 09:25:44.240,2025-08-18 09:59:19.847000,2.0,2025-07-18 17:59:29.898256,,Không xác định,Không xác định,Không xác định,Không xác định,36828.0000,,Không xác định,Không xác định,Không xác định,Không xác định,Không xác định,0,"Chi tiết sản phẩm                     Tên sản phẩm: Hộp 2 núm ty DrBrown's Options Plus cổ rộng Y cut (Trên 9 tháng)         Loại sản phẩm: Núm ty         Đối tượng sử dụng: Trẻ trên 9 tháng         Thương hiệu: DrBrown's         Điểm nổi bật: Núm vú silicon siêu mềm giúp phát triển cơ hàm của bé thông qua sự cử động lưỡi tự nhiên.                        Hộp 2 núm ty DrBrown's Options Plus cổ rộng Y cut (Trên 9 tháng) là núm ty dành cho trẻ trên 9 tháng của thương hiệu DrBrown's đến từ Mỹ. Núm vú silicon siêu mềm giúp phát triển cơ hàm của bé thông qua sự cử động lưỡi một cách tự nhiên.                        Núm ty silicon mềm mại            Núm vú silicon siêu mềm giúp phát triển cơ hàm của bé thông qua sự cử động lưỡi một cách tự nhiên. Thiết kế đầu núm vừa vặn với vòm miệng bé, mang lại sự thoải mái khi sử dụng.               Thiết kế thông minh            Núm ty DrBrown's Options Plus được thiết kế với lỗ tiết sữa Y cut, phù hợp với nhu cầu ăn cháo đặc của bé trên 9 tháng tuổi, từ đó giúp bé có cảm giác gần gũi hơn trong từng lần bú.               Hướng dẫn sử dụng               Rửa sạch núm ty bằng nước rửa chuyên dụng trước khi sử dụng lần đầu.         Đun sôi núm vú trong vòng 3-5 phút để tiệt trùng sau mỗi lần sử dụng.         Kiểm tra núm vú trước khi cho bé sử dụng, đảm bảo không có dấu hiệu rách hoặc thủng.         Không cho trẻ bú bình khi không có sự giám sát của người lớn.                        Hướng dẫn bảo quản               Bảo quản ở nhiệt độ phòng, nơi khô ráo, thoáng mát.         Tránh ánh nắng mặt trời trực tiếp.         Thay núm ty mới sau khi sử dụng từ 1 - 2 tháng để đảm bảo vệ sinh cho trẻ.                     Lưu ý               Không rửa núm ty bằng xà phòng hoặc nước tẩy rửa.         Không tiệt trùng núm ty bằng lò vi sóng.         Kiểm tra núm vú thường xuyên trước khi sử dụng.                     Thành phần               Silicon cao cấp         Không chứa BPA         Chất đàn hồi tốt"
72370,0010290040150,69000.0000,3292,Thời trang,3958,Cơ cấu hàng cũ,7007,"Thời trang bé trai, bé gái cũ",6987,Bộ quần áo bé gái,Không xác định,Con Cưng,Không xác định,1503046250,False,2017-08-18 08:50:50.713,2025-09-18 16:05:42.360000,,,,Không xác định,Bé Gái,Từ 3Y,Bộ quần áo,0.0000,,Không xác định,Không xác định,Không xác định,Không xác định,Không xác định,0,Không xác định
31154,0008010000015,45000.0000,351,Đồ chơi & Sách,2033,0-1Y,2118,Gặm nướu,2121,Gặm nướu khác,"- Chất liệu: Sản phẩm được làm bằng chất liệu silicone mềm, dẻo và nước đã được chưng cất đảm bảo an toàn cho bé. - Dành cho các bé trong giai đoạn mọc răng, giúp làm giảm đau, ngứa lợi cho bé. - Bề mặt có các núm mát-xa nhỏ, mềm mịn, tạo cảm giác dễ chịu cho bé. - Có độ đàn hồi tốt, dễ dàng uốn dẻo, bền đẹp không gây ảnh hưởng tới sức khỏe cho bé. - Thiết kế dạng hình các con vật đồ dùng ngộ nghỉnh, đặc biệt có tay cầm, giúp bé dễ cầm nắm. - Trước khi cho bé sử dụng, bạn có thể cho vào tủ lạnh tạo cảm giác mát lạnh bé thích thú Lưu ý: Không sử dụng nước sôi để khử trùng sản phẩm. Xuất xứ: Thái Lan﻿﻿",Thương hiệu khác,Không xác định,1358501584,False,2013-01-18 09:33:04.260,2025-09-27 00:05:36.233000,2.0,2025-07-18 17:59:29.898256,,Không xác định,Không xác định,Không xác định,Không xác định,14490.0000,,Không xác định,Không xác định,Không xác định,Không xác định,Không xác định,0,"Chi tiết sản phẩm                     Tên sản phẩm: Miếng Gặm Nướu Papa (CEQ004) (Cá hồng)         Chất liệu: Silicone mềm, dẻo và nước đã được chưng cất         Đối tượng sử dụng: Dành cho các bé trong giai đoạn mọc răng         Thương hiệu: Papa         Xuất xứ: Thái Lan         Giá: 45.000₫                     **Miếng Gặm Nướu Papa (CEQ004) (Cá hồng)** là một sản phẩm giúp bé giảm đau trong giai đoạn mọc răng của thương hiệu **Papa đến từ Thái Lan**. Sản phẩm được thiết kế đặc biệt để tạo cảm giác dễ chịu cho bé khi nhai.                        Chất liệu an toàn: Silicone mềm, dẻo           Miếng gặm nướu được làm bằng chất liệu silicone mềm, dẻo và nước đã được chưng cất, đảm bảo an toàn tuyệt đối cho sức khỏe của bé.            Cảm giác dễ chịu: Bề mặt núm mát-xa           Bề mặt có các núm mát-xa nhỏ, mềm mịn, tạo cảm giác dễ chịu và thích thú khi bé sử dụng.            Thiết kế ngộ nghĩnh: Hình động vật với tay cầm           Sản phẩm được thiết kế dạng hình các con vật đồ dùng ngộ nghĩnh, đặc biệt có tay cầm giúp bé dễ cầm nắm và chơi đùa.            Độ đàn hồi tốt: Bền đẹp và dễ sử dụng           Miếng gặm nướu có độ đàn hồi tốt, dễ dàng uốn dẻo, bền đẹp mà không gây ảnh hưởng đến sức khỏe cho bé.            Cảm giác mát lạnh: Hỗ trợ giảm đau           Trước khi cho bé sử dụng, bạn có thể cho vào tủ lạnh tạo cảm giác mát lạnh, giúp bé thích thú và giảm đau nướu.               Hướng dẫn sử dụng               Rửa sạch sản phẩm trước khi cho bé sử dụng.         Để sản phẩm trong tủ lạnh trước khi cho bé sử dụng để tạo cảm giác mát lạnh.         Giám sát bé khi sử dụng để đảm bảo an toàn.                     Hướng dẫn bảo quản               Bảo quản sản phẩm ở nơi khô ráo, thoáng mát.         Không sử dụng nước sôi để khử trùng sản phẩm.         Thường xuyên kiểm tra sản phẩm để đảm bảo không bị hư hỏng.                     Lưu ý               Sản phẩm chỉ dành cho bé trong giai đoạn mọc răng.         Khi sản phẩm có dấu hiệu hư hỏng, không nên cho bé sử dụng.                     Thành phần               Silicone mềm         Nước chưng cất"
46123,0020010000094,401000.0000,2222,Tã,2272,Merries,2275,Merries,2276,Merries_Sơ Sinh,"﻿﻿Tã dán Merries size S 82 miếng là sản phẩm dành cho bé 4-8kg đến từ thương hiệu uy tín Merries của Nhật Bản. Ra đời với công nghệ ""4 siêu"" - siêu mềm mại, siêu thông thoáng, siêu thấm hút, siêu linh hoạt, tã dán Merries trở thành ""người bạn"" của hàng ngàn em bé trên toàn thế giới.﻿﻿﻿Ưu điểm nổi bật. Siêu mềm mại: được làm từ bông siêu mỏng và các hạt thấm hút nhanh, có bề mặt mềm mại, xốp mịn, tiếp xúc nhẹ nhàng, không gây hằn đỏ trên da bé.. Siêu thông thoáng: dựa vào công nghệ siêu thoát khí từ chất liệu màng đáy thoát khí đặc biệt giúp bé yêu cảm thấy luôn dễ chịu, thoải mái. Cha mẹ có thể xóa tan nỗi lo nóng ẩm và hầm hơi do nước tiểu và mồ hôi cũng như kích ứng da do các tác nhân gây hại.. Siêu thấm hút: thiết kế chống tràn khóa chặt chất lỏng đến 6-8 tiếng và không vón cục. Các hạt thấm hút kép cùng với bề mặt tiếp xúc điểm xốp mịn tạo ra những khoảng trống giúp thấm chất lỏng cực nhanh và không bị lan ra khắp bề mặt tã.. Siêu linh hoạt: thiết kế vừa vặn với cơ thể bé với vách chống tràn co dãn và phần eo mềm mại ôm khít, thiết kế phần đáy hình chữ ""W"" không gây cảm giác vướng víu và linh hoạt theo từng chuyển động của bé.. Vạch báo thời gian thay tã thông minh: thay đổi sang màu xanh lá đậm sẽ giúp bố mẹ dễ dàng nhận biết thời điểm cần thiết để thay tã cho bé.Hướng dẫn sử dụng",Merries Nhật,Không xác định,1400062039,False,2014-05-14 10:07:19.603,2025-09-27 00:05:36.233000,2.0,2025-07-18 17:59:29.898256,,Không xác định,Không xác định,Không xác định,Không xác định,59749.0000,,Không xác định,Không xác định,"Nhật Bản, Nhật Bản",Không xác định,"Giấy, bột giấy, vải không dệt, hạt thấm hút, màng polyolefin, cao su tự nhiên, polyurethane, keo dính.",0,Không xác định
46127,0020010000098,401000.0000,2222,Tã,2272,Merries,2275,Merries,2278,Merries_Tã Quần,"﻿﻿﻿Bỉm tã quần Merries size M 58 miếng là sản phẩm dành cho bé từ 6-11kg đến từ thương hiệu uy tín Merries của Nhật Bản. ﻿﻿﻿﻿Tã quần Merries – một sản phẩm mang tính đột phá đến từ Nhật Bản, khác biệt hoàn toàn so với những loại tã giấy khác trên thị trường, đặc biệt mỏng nhẹ giúp bé tung tăng chạy nhảy suốt 24h mà vẫn khô thoáng và êm dịu.Ưu điểm nổi bật﻿. Siêu mềm mại với bề mặt tiếp xúc điểm xốp mịn và chất liệu mỏng nhẹ, không gây kích ứng lên làn da mỏng manh của bé.. Siêu thông thoáng với chất liệu màng đáy thoát khí đặc biệt. Các đường thun được thiết kế để không khí dễ dàng thổi qua giữa miếng tã và da. Bé sẽ luôn cảm thấy khô ráo ngay cả khi vân động nhiều.. Siêu thấm hút với lõi siêu thấm trung tâm độc đáo giúp thấm hút và khoá chặt một lượng lớn chất lỏng ngay lập tức. Đặc biệt tã không bị vón cục sau khi thấm hút.. Siêu linh hoạt trong chuyển động với thiết kế chữ “W” biến đổi linh hoạt với đáy quần thích ứng theo chuyển động của bé. Đường thun ôm vừa vặn không để lại vết hằn trên da.. Vạch báo thời gian thay tã thông minh: Thay tã khi vạch đổi sang màu xanh lá đậmHướng dẫn sử dụng ﻿﻿",Merries Nhật,Không xác định,1400062040,False,2014-05-14 10:07:20.370,2025-09-27 00:05:36.233000,2.0,2025-07-18 17:59:29.898256,,Không xác định,Không xác định,Không xác định,Không xác định,65764.0000,,Không xác định,Không xác định,"Nhật Bản, Nhật Bản",Không xác định,"Giấy, bột giấy, vải không dệt, hạt thấm hút, màng polyolefin, cao su tự nhiên, polyurethane, keo dính.",0,Không xác định
79850,0024181040235,49000.0000,3292,Thời trang,3958,Cơ cấu hàng cũ,7007,"Thời trang bé trai, bé gái cũ",6993,Áo bé trai,"Áo thun bé trai tay ngắn CF B078010 Xanh  là sản phẩm với chất liệu cotton mềm mại, thấm hút mồ hôi, đường may kỹ lưỡng chắc chắn sẽ giúp bé thoải mái vận động. Bên cạnh đó, sản phẩm có kiểu dáng cá tính cùng họa tiết đáng yêu sẽ giúp bé thêm phần thời trang. ĐẶC ĐIỂM NỔI BẬT Chất liệu cotton mềm mại Sản phẩm được may từ vải cotton mềm mại cho phép bé thoải mái chơi đùa, vận động mà không cảm thấy khó chịu. Bên cạnh đó, chất liệu cotton không gây kích ứng da và có khả năng thấm hút mồ hôi tốt nên Mẹ không phải lo lắng bé yêu bị nổi rôm, tuyệt đối an toàn khi sử dụng. Thiết kế thoải mái, đáng yêu Thiết kế thoải mái phối cùng họa tiết cá tính sẽ mang đến phong cách thoải mái và không kém phần thời trang cho bé của bạn. Ngoài ra, các đường nối, đường cuốn biên trên sản phẩm không bị nổi cộm gây khó chịu và ngứa da bé cho phép bé vận động dễ dàng. THÔNG TIN SẢN PHẨM Tên sản phẩm: Áo thun bé trai tay ngắn CF B078010 Xanh Thương hiệu: CF Sản xuất tại: CÔNG TY TNHH MAY MẶC HẢI NAM , Việt Nam Chất liệu: 95% Cotton5% Spandex BẢO QUẢN SẢN PHẨM - Hạn chế dùng sản phẩm giặt tẩy - Không ngâm, giặt chung với sản phẩm ra màu - Không giặt trong nước nóng trên 40°C - Nên ủi/là mặt trái sản phẩm",CF (ConCung Fashion),Không xác định,1531847679,False,2018-07-17 17:14:39.277,2025-09-13 14:05:42.670000,2.0,2025-07-18 17:59:29.898256,,Không xác định,Bé Trai,Không xác định,Áo,0.0000,,Xanh,6-9M,Không xác định,Không xác định,Không xác định,0,Không xác định
49907,0008180000017,425000.0000,351,Đồ chơi & Sách,2033,0-1Y,2132,Thảm chơi & kệ chữ A,2135,Thảm xốp mảnh ghép,"- Sản phẩm dành cho bé từ 3 - 36 tháng tuổi. - Nguyên liệu được làm bằng cao su có tính đàn hồi tốt, dùng lót sàn. Giúp bé vừa học vừa chơi mà không lo bị bé yêu bị va đập. - Thảm có nhiều màu sắc, hình các chữ cái và số kích thích bé vừa học vừa chơi, mẹ yên tâm làm việc nhà. Hướng dẫn sử dụng: Nối các tấm xốp với nhau bằng răng nối. Cảnh báo: Không nên cho bé ngậm, cắn hay đưa sản phẩm vào miệng. Thông tin sản phẩm - Tên sản phẩm: Thảm xốp hình chữ 30x30cm, 26 miếng - Chất liệu: Cao su - Kích thước: 30x30x1cm/ miếng. - Khối lượng tịnh: 58g/miếng. - Xuất xứ: Việt Nam - Năm sản xuất: 2018 Sản xuất tại: - Công Ty TNHH SX-TM THOẠI TÂN THÀNH (28/36/23 Lương Thế Vinh, P.Tân Thới Hoà, Q.Tân phú, TP.HCM) Chịu trách nhiệm hàng hóa: - CÔNG TY CỔ PHẦN CON CƯNG (101-103 Trần Quang Khải, P.Tân Định, Q.1, HCM) Lưu ý: Họa tiết và màu sắc có thể thay đổi tùy vào đợt hàng về﻿",Quà tặng không bán,Không xác định,1409855976,False,2014-09-04 18:39:36.000,2025-09-27 00:05:36.233000,2.0,2025-07-18 17:59:29.898256,,Không xác định,Không xác định,Không xác định,Không xác định,160650.0000,,Không xác định,Không xác định,Không xác định,Không xác định,Không xác định,0,"Chi tiết sản phẩm                     Tên sản phẩm: Thảm xốp hình chữ 30x30cm, 26 miếng         Chất liệu: Cao su         Kích thước: 30x30x1cm/miếng         Khối lượng tịnh: 58g/miếng         Xuất xứ: Việt Nam         Năm sản xuất: 2018         Sản xuất tại: Công Ty TNHH SX-TM THOẠI TÂN THÀNH (28/36/23 Lương Thế Vinh, P.Tân Thới Hoà, Q.Tân phú, TP.HCM)         Chịu trách nhiệm hàng hóa: CÔNG TY CỔ PHẦN CON CƯNG (101-103 Trần Quang Khải, P.Tân Định, Q.1, HCM)                        **Thảm xốp hình chữ 30x30cm, 26 miếng** là thảm xốp dành cho bé từ 3 - 36 tháng tuổi của Con Cưng đến từ Việt Nam. Sản phẩm được làm từ cao su có tính đàn hồi tốt, giúp bé học chơi mà không lo bị va đập.                        Thảm xốp hình chữ - Nguyên liệu cao su, tính đàn hồi tốt           Thảm xốp hình chữ với thiết kế nhiều màu sắc, hình các chữ cái và số, giúp bé vừa học vừa chơi, tạo điều kiện cho sự phát triển trí tuệ và thể chất mà mẹ có thể yên tâm làm việc nhà.            Cảnh báo an toàn - Bé không nên ngậm hay cắn           Để đảm bảo an toàn cho trẻ, không nên cho bé ngậm, cắn hoặc đưa sản phẩm vào miệng trong quá trình vui chơi.               Hướng dẫn sử dụng               Nối các tấm xốp với nhau bằng răng nối.                        Hướng dẫn bảo quản               Để sản phẩm ở nơi khô ráo, thoáng mát.         Tránh ánh nắng mặt trời trực tiếp.         Vệ sinh bề mặt sản phẩm bằng vải ẩm khi cần thiết.                     Lưu ý               Họa tiết và màu sắc có thể thay đổi tùy vào đợt hàng về.                     Thành phần               Cao su"
49931,0020010000150,355000.0000,2222,Tã,2257,Huggies,2262,Huggies Thường,2265,Huggies Thường_Tã Quần,"﻿﻿﻿Dòng sản phẩm tã quần Huggies Dry với tinh chất tràm trà tự nhiên sẽ mang đến cho da con cảm giác dễ chịu. Đặc biệt, sản phẩm cũng được chứng minh lâm sàng giúp ngừa hăm tã hiệu quả. Ưu điểm nổi bật. Tã quần Huggies Dry cải tiến mới với công nghệ lưng thun đệm mây, chống hằn da;. Bề mặt tã quần Huggies được bổ sung tinh chất tràm trà tự nhiên giúp mang đến cảm giác dịu da;. Khả năng thoáng khí được chứng minh lâm sàng giúp ngăn ngừa hăm tã, giữ mông bé luôn khô thoáng;. Nhờ chất liệu mềm mại, bỉm Huggies giúp nâng niu làn da nhạy cảm của bé.Hướng dẫn thay tã. Mặt tã như mặt quần của bé với chữ ""SAU-BACK"" ở mặt sau.. Chỉnh tã ôm vừa chân, tránh bị gập vào để chống tràn hiệu quả.. Khi tã bị bẩn, xé đường thun 2 bên hông để cởi bỏ.Hướng dẫn chọn size tã* Sản phẩm sẽ được giao hàng với bao bì ngẫu nhiên. ﻿",Huggies Dry,Không xác định,1410345190,False,2014-09-10 10:33:10.520,2025-09-27 00:05:36.233000,2.0,2025-07-18 17:59:29.898256,,Không xác định,Không xác định,Không xác định,Không xác định,0.0000,,Không xác định,Không xác định,"Việt Nam, Mỹ",Không xác định,"Vải không dệt,PE, keo dính. hạt thấm hút Polymer, bột giấy, màng polyolefin, polyester, thun đàn hồi, hương thơm, chiết xuất tràm trà.",0,Không xác định
26694,0501030000126,69000.0000,3292,Thời trang,3958,Cơ cấu hàng cũ,7007,"Thời trang bé trai, bé gái cũ",6990,Đầm,Không xác định,Không xác định,Không xác định,1347535512,False,2012-09-13 11:25:12.093,2024-11-01 09:23:50.653000,2.0,2025-07-18 17:59:29.898256,,Không xác định,Không xác định,Không xác định,Không xác định,0.0000,,Không xác định,Không xác định,Không xác định,Không xác định,Không xác định,0,
50189,0020010000151,379000.0000,2222,Tã,2281,Moony,2284,Moony,2285,Moony_Sơ Sinh,"Sản phẩm Tã dán sơ sinh Moony dưới 5kg, 90 miếng với đặc điểm nổi bật: VIỀN ĐIỀU HÒA THÔNG MINH giúp tã cong ôm vừa vặn cơ thể bé, chống trào hiệu quả. MÀNG VẢI LƯNG THUN 3 VÒNG CO GIÃN 360° giúp khô thoáng cả ngày dài, không lo bị hầm bí và hăm đỏ RÃNH RỐN OHESO giúp bảo vệ phần rốn non nớt của bé sơ sinh SỢI NANO SIÊU MỀM MỊN nhẹ nhàng nâng niu làn da nhạy cảm, mong manh của bé LÕI BÔNG CAO CẤP siêu chống trào CHỈ THỊ ƯỚT giúp báo hiệu cho mẹ thời điểm thay tã cho bé - Bỉm tã Moony là loại bỉm nổi tiếng tại Nhật Bản được sản xuất bởi tập đoàn Unicharm danh tiếng. - Thấm hút rất tốt, với lớp bông mềm và lớp thoáng khí, tạo cảm giác thoải mái, khô thoáng, dễ chịu cho bé. - Đặc biệt Bỉm tã Moony có chất dưỡng da và Vitamin E giúp chống hăm cho bé. - Lưng thun được thiết kế co dãn rất hợp lí, chống trào ngược lên áo khi bé nằm. Các bé sẽ được hưởng cảm giác vừa vặn, êm ái đặc biệt với những bé còn nhỏ phải dùng bỉm 24/24h. - Độ thấm hút cao, tuyệt đối an toàn cho bé Moony với thiết kế chống tràn ra ngoài, bảo vệ bé tốt nhất. - Tã bỉm Moony Nhật có cả miếng dán và quần, rất tiện dụng. THÔNG TIN SẢN PHẨM: Hướng dẫn sử dụng: - Mặt sau tã có miếng dán cố định. Mở miếng tã mới và tròng vào chân bé, kéo CAO ngang hông. - Kéo chắc tay phần băng dính để tã vừa thật khít phần LƯNG hoàn toàn có thể co giãn nên mẹ không phải lo tã ôm quá chặt. Lưu ý: - Đảm bảo vùng đai lưng tã nằm trên rốn bé - Khi dán, nên căng phần băng dính sao cho vùng chống tràn sau lưng được kéo ra Hướng dẫn bảo quản: - Bảo quản nơi khô ráo, thoáng mát, tránh ánh nắng trực tiếp, để xa tầm tay trẻ em. ﻿",Moony,Không xác định,1411059903,False,2014-09-18 17:05:03.240,2025-09-27 00:05:36.233000,2.0,2025-07-18 17:59:29.898256,,Không xác định,Không xác định,Không xác định,Không xác định,0.0000,,Không xác định,Không xác định,Nhật Bản,Không xác định,Không xác định,0,"Chi tiết sản phẩm                     Tên sản phẩm: Bỉm - Tã dán Moony newborn 90 miếng (         Thương hiệu: Unicharm         Xuất xứ thương hiệu: Nhật Bản         Kích cỡ (size): Newborn,          Số miếng: 90                     Bỉm - Tã dán Moony newborn 90 miếng ( là bỉm tã dán dành cho bé sơ sinh của thương hiệu Moony đến từ Nhật Bản. Với viền điều hòa thông minh, sản phẩm giúp bé thoải mái mà không lo trào tã.                           Viền điều hòa thông minh giúp sản phẩm ôm vừa vặn cơ thể bé, chống trào hiệu quả.                 Viền điều hòa thông minh là tính năng giúp tã Moony cong ôm vừa vặn cơ thể bé, ngăn ngừa nguy cơ trào tã, mang lại sự thoải mái tốt nhất cho trẻ nhỏ.               Màng vải lưng thun 3 vòng co giãn 360° giúp khô thoáng cả ngày dài.           Màng vải này giúp tã không bị hầm bí và hăm đỏ, cho bé thoải mái tiếp xúc với không khí, mỗi cử động đều dễ dàng và không bị cản trở.               Rãnh rốn Oheso bảo vệ phần rốn non nớt của bé sơ sinh.           Rãnh rốn OHESO được thiết kế riêng, giúp bảo vệ phần rốn nhạy cảm của trẻ, tạo cảm giác thoải mái nhất cho các bé ngay từ những ngày đầu đời.               Sợi Nano siêu mềm mịn nhẹ nhàng nâng niu làn da nhạy cảm.           Chất liệu sợi Nano giúp tã Moony siêu nhẹ, mang lại cảm giác mềm mại và dễ chịu cho làn da của bé yêu, giảm thiểu tình trạng kích ứng da.            Lõi bông cao cấp siêu chống trào.           Lõi bông được thiết kế để thấm hút cực tốt, giúp sản phẩm giữ cho bé luôn khô thoáng, mà không lo bị tràn ra ngoài.            Chỉ thị ướt báo hiệu thời điểm thay tã cho bé.           Thêm vào đó, chỉ thị ướt tiện lợi giúp mẹ nhanh chóng nhận biết khi nào cần thay tã cho bé, mang lại sự tiện lợi và chăm sóc tốt nhất.               Hướng dẫn chọn size      Chọn đúng size tã cho bé là rất quan trọng. Với tã Moony, size Newborn (               Hướng dẫn sử dụng               Mặt sau tã có miếng dán cố định. Mở miếng tã mới và tròng vào chân bé, kéo CAO ngang hông.         Kéo chắc tay phần băng dính để tã vừa thật khít, phần lưng hoàn toàn có thể co giãn nên mẹ không phải lo tã ôm quá chặt.                     Hướng dẫn bảo quản               Bảo quản nơi khô ráo, thoáng mát, tránh ánh nắng trực tiếp.         Để xa tầm tay trẻ em.                     Lưu ý               Đảm bảo vùng đai lưng tã nằm trên rốn bé.         Khi dán, nên căng phần băng dính sao cho vùng chống tràn sau lưng được kéo ra.                     Thành phần               Màng thấm: vải không dệt (Polyolefin, Polyester)         Lõi thấm: bột giấy, hạt siêu thấm         Màng đáy: Polyolefin         Tai dính: Polyolefin, Chun sợi, Polyurethane, polyme kết dính"
77133,0010251040141,49000.0000,3292,Thời trang,3958,Cơ cấu hàng cũ,7007,"Thời trang bé trai, bé gái cũ",6994,"Quần, chân váy bé gái","Chân váy kaki bé gái CF G048017 Xanh của thương hiệu CF, sản xuất tại Việt Nam. Sản phẩm được may bằng chất liệu cotton mềm mại, thấm hút mồ hôi, đường may kỹ lưỡng chắc chắn, bé thoải mái vận động. Kiểu dáng dễ thương với những đường cắt và chi tiết tinh xảo, đáng yêu sẽ giúp bé thêm phần thời trang và xinh xắn. ĐẶC ĐIỂM NỔI BẬT Chất liệu cotton mềm mại Sản phẩm được may từ vải cotton mềm mại cho phép bé thoải mái chơi đùa, vận động mà không cảm thấy khó chịu. Bên cạnh đó, chất liệu cotton không gây kích ứng da và có khả năng thấm hút mồ hôi tốt nên Mẹ không phải lo lắng bé yêu bị nổi rôm, tuyệt đối an toàn khi sử dụng. Thiết kế thoải mái, đáng yêu Sản phẩm được thiết kế rộng rãi và thoải mái cho bé vui chơi, vận động và không kém phần thời trang. Ngoài ra, các đường nối, đường cuốn biên trên sản phẩm không bị nổi cộm gây khó chịu và ngứa da bé cho phép bé vận động dễ dàng. THÔNG TIN SẢN PHẨM Tên sản phẩm: Chân váy kaki bé gái CF G048017 Xanh Thương hiệu: CF (Việt Nam) Sản xuất tại: Việt Nam Chất liệu: 95% cotton và 5% spandex BẢO QUẢN SẢN PHẨM Hạn chế dùng sản phẩm giặt tẩy Không ngâm, giặt chung với sản phẩm ra màu Không giặt trong nước nóng trên 40 độ Nên ủi mặt trái sản phẩm",CF (ConCung Fashion),Không xác định,1521216025,False,2018-03-16 16:00:25.103,2025-09-23 18:05:43.750000,2.0,2025-07-18 17:59:29.898256,,Không xác định,Bé Gái,Không xác định,"Đầm, váy",0.0000,,Xanh,3T,Không xác định,Không xác định,Không xác định,0,Không xác định
47437,0008170000021,69000.0000,351,Đồ chơi & Sách,2033,0-1Y,5840,Phát triển giác quan,4279,Đồ chơi phát nhạc,Không xác định,Winnie Care (Thái Lan),Không xác định,1403111348,False,2014-06-18 17:09:08.370,2025-08-18 09:59:19.847000,2.0,2025-07-18 17:59:29.898256,,Không xác định,Không xác định,Không xác định,Không xác định,0.0000,,Không xác định,Không xác định,Không xác định,Không xác định,Không xác định,0,"Chi tiết sản phẩm                     Tên sản phẩm: Đồ chơi bông lật đật hình gấu Winnie         Xuất xứ: Thái Lan         Kích thước: 7cm x 15cm         Chất liệu: 100% bông PP                        **Đồ chơi bông lật đật hình gấu Winnie** là đồ chơi dành cho bé 0-3 tuổi của thương hiệu nổi tiếng đến từ Thái Lan. Được làm từ chất liệu an toàn và thân thiện với môi trường, sản phẩm này không chỉ giúp bé vui chơi mà còn hỗ trợ sự phát triển kỹ năng quan sát và cầm nắm.                         Đồ chơi bông lật đật + Hình gấu Winnie dễ thương + Giúp bé phát triển kỹ năng           Đồ chơi bông lật đật hình gấu Winnie được thiết kế với hình dáng đáng yêu, giúp hấp dẫn sự chú ý của bé. Chất liệu 100% bông PP không chỉ an toàn mà còn mềm mại, thoải mái cho bé khi chơi.            Chất liệu an toàn + Thân thiện với môi trường + Yên tâm cho sức khỏe           Chất liệu bông PP cao cấp đảm bảo an toàn sức khỏe cho bé và thân thiện với môi trường. Bạn có thể hoàn toàn yên tâm khi cho bé chơi đùa với sản phẩm này.            Đồ chơi đa chức năng + Tiện lợi sử dụng hàng ngày           Sản phẩm không chỉ là đồ chơi cho bé mà còn có thể sử dụng để trang trí không gian phòng ngủ của bé thêm dễ thương và sinh động.               Hướng dẫn chọn size      Đồ chơi bông lật đật hình gấu Winnie không yêu cầu chọn size, sản phẩm phù hợp cho mọi bé từ 0-3 tuổi.               Hướng dẫn sử dụng               Cho bé chơi đùa và chăm sóc sự phát triển của bé.         Gắn sản phẩm vào nôi để tạo cảm giác an toàn cho bé khi ngủ.         Sử dụng để trang trí phòng ngủ của bé.                     Hướng dẫn bảo quản               Giặt nhẹ nhàng bằng tay với nước ấm.         Không sử dụng chất tẩy mạnh.         Phơi trong bóng râm, không phơi trực tiếp dưới ánh nắng mặt trời.                     Lưu ý               Không để trẻ nhỏ chơi một mình mà không có sự giám sát của người lớn.         Bảo quản nơi khô ráo, tránh ẩm ướt.                     Thành phần               100% bông PP"
55479,0007040040001,690000.0000,1,Babycare,2,Bé ngủ,5886,Bé ngủ ngừng bán,5889,Xe nhún ngừng bán,"Được thiết kế thuận tiện cho việc chăm sóc trẻ em. Thiết kế sang trọng, độ bền cao. Bánh xe mềm giúp giảm xóc và di chuyển dễ dàng. Có chức năng nhún để ru trẻ ngủ. Lớp vải đệm dày, êm, tạo sự thoải mái cho bé, dễ dàng tháo rời để giặt khi cần thiết. Trọng lượng xe: 3,5 kg Thương hiệu: Carrot Xuất xứ: Việt Nam",Carrot,Không xác định,1430992854,False,2015-05-07 10:00:54.723,2025-09-27 00:05:36.233000,2.0,2025-07-18 17:59:29.898256,,Không xác định,Không xác định,Không xác định,Không xác định,138690.0000,,Hồng,Không xác định,Không xác định,Không xác định,Không xác định,0,"Chi tiết sản phẩm                     Tên sản phẩm: Xe ăn bột cao cấp Carrot XP-03, Hồng         Trọng lượng xe: 3,5 kg         Thương hiệu: Carrot         Xuất xứ: Việt Nam                      Xe ăn bột cao cấp Carrot XP-03, Hồng là xe ăn bột dành cho bé, thuộc thương hiệu Carrot đến từ Việt Nam. Sản phẩm nổi bật với thiết kế tiện lợi giúp chăm sóc trẻ em hiệu quả cùng độ bền cao và kiểu dáng sang trọng.                     Bánh xe mềm giảm xóc giúp di chuyển dễ dàng           Bánh xe của xe ăn bột Carrot XP-03 được thiết kế mềm mại hỗ trợ giảm xóc hiệu quả, giúp mẹ di chuyển xe dễ dàng trên nhiều bề mặt mà không làm bé cảm thấy khó chịu. Điều này tạo nên sự tiện lợi khi đưa bé đi ăn ngoài hoặc trong nhà.            Chức năng nhún êm ái giúp ru trẻ ngủ dễ dàng           Xe được tích hợp tính năng nhún nhẹ, hỗ trợ ru bé ngủ nhanh chóng và êm ái trong lúc ăn hoặc nghỉ ngơi. Mẹ có thể yên tâm chăm sóc bé mà không lo bé quấy khóc.            Lớp vải đệm dày, êm tạo sự thoải mái cho bé           Lớp vải đệm dày dặn mang lại sự êm ái tối ưu, giúp bé ngồi lâu mà vẫn cảm thấy thoải mái, giảm thiểu tình trạng cấn hay khó chịu. Đặc biệt, vải đệm dễ dàng tháo ra để giặt sạch sẽ, đảm bảo vệ sinh an toàn cho bé.            Thiết kế sang trọng và độ bền cao đảm bảo sử dụng lâu dài           Thiết kế tổng thể của xe ăn bột Carrot XP-03 màu hồng rất thanh lịch, phù hợp với các không gian hiện đại. Chất liệu được sử dụng đảm bảo độ bền cao, giúp mẹ tiết kiệm chi phí khi sử dụng sản phẩm lâu dài.                  Hướng dẫn sử dụng               Mở khóa và điều chỉnh xe ăn bột an toàn trước khi cho bé ngồi.         Đặt bé vào xe và dùng dây an toàn để cố định bé.         Sử dụng chức năng nhún nhẹ nhàng để ru bé khi cần.         Sau khi sử dụng, tháo lớp đệm để vệ sinh với nước sạch.         Cất xe nơi khô ráo, tránh tiếp xúc trực tiếp với ánh nắng mặt trời.                        Hướng dẫn bảo quản               Tháo rời lớp vải đệm để giặt sạch bằng tay hoặc máy giặt ở chế độ nhẹ.         Không sử dụng chất tẩy mạnh hoặc các dung dịch chứa clo khi giặt.         Lau sạch khung xe bằng khăn ẩm, tránh ngâm trong nước lâu.         Bảo quản nơi khô ráo, tránh ẩm ướt và ánh sáng trực tiếp để giữ độ bền sản phẩm.                        Thành phần               Khung xe: kim loại chắc chắn         Lớp vải đệm: vải mềm, dễ tháo rời         Bánh xe: chất liệu cao su mềm         Phần nhún: cơ cấu lò xo an toàn"
56620,0009051040002,115000.0000,3960,Textile,6574,Gối,6577,Gối ôm,6580,Gối ôm TH khác,"﻿Với chất liệu vải 100% cotton, ruột gối làm bằng gòn 100% Polyester tạo cảm giác dể chịu, êm ái, thoáng mát, thấm hút mồ hôi, cho bé yêu giấc ngủ ngon. Tính năng sản phẩm: - Gối ôm con heo được làm từ vải cotton xốp 100%. Giúp bé nằm vào có cảm giác dễ chịu, êm ái và thoáng mát, thấm hút mồ hôi. Bé ngủ ngon, không khóc quấy về đêm. - Gối ôm có thể giúp bé hay đòi mẹ nằm cùng có cảm giác mẹ nằm bên, yên tâm ngủ. - Họa tiết heo con xinh xắn, đáng yêu. - Ruột gối làm bằng gòn 100% Polyester, giữ được độ phồng lâu và cho bé cảm giác thoáng mát. Bé sẽ không còn cảm thấy ẩm ướt, khó chịu, hạn chế được tình trạng rôm sảy. - Sản phẩm dễ dàng được làm sạch ngay cả khi giặt bằng máy. Kích thước: 25cm *60cm Cách sử dụng: Mẹ dùng làm gối ôm cho bé khi ngủ rất tiện dụng, có thể dùng trong các nôi, giường, cũi cho bé. Dùng cho giường chiếu nơi bé ngủ hoặc nơi bé chơi. Lưu ý: Nên sử dụng theo cách thiết kế. Nếu có hư hại, xin đừng dùng. Tránh cho trẻ em ngậm trong miệng. Để nơi thoáng mát, tránh gần lửa. Thương hiệu: BabyTop Xuất xứ: Việt Nam",BabyTop,Không xác định,1436350299,False,2015-07-08 10:11:39.467,2025-09-27 00:05:36.233000,2.0,2025-07-18 17:59:29.898256,,Không xác định,Không xác định,Không xác định,Không xác định,59915.0000,,Không xác định,Không xác định,Không xác định,Không xác định,Không xác định,0,"Chi tiết sản phẩm                     Tên sản phẩm: Gối Ôm Cho Bé BabyTop Hình Heo Con - 25x60cm         Loại sản phẩm: Gối ôm         Đối tượng sử dụng: Bé yêu         Thương hiệu: BabyTop         Xuất xứ: Việt Nam         Kích thước: 25cm x 60cm                        Gối Ôm Cho Bé BabyTop Hình Heo Con - 25x60cm là gối ôm dành cho bé yêu của thương hiệu BabyTop đến từ Việt Nam. Sản phẩm nổi bật với chất liệu an toàn, êm ái mang lại giấc ngủ ngon cho trẻ.                        Gối ôm cotton 100% - Giúp bé ngủ ngon           Gối ôm con heo được làm từ vải cotton xốp 100%. Giúp bé nằm có cảm giác dễ chịu, êm ái và thoáng mát, thấm hút mồ hôi. Bé ngủ ngon, không khóc quấy về đêm.               Ruột gối bằng gòn polyester - Độ phồng lâu bền           Ruột gối làm bằng gòn 100% Polyester, giữ được độ phồng lâu và cho bé cảm giác thoáng mát. Bé sẽ không còn cảm thấy ẩm ướt, khó chịu, hạn chế được tình trạng rôm sảy.            Hoạ tiết heo con xinh xắn - Đáng yêu cho bé           Họa tiết heo con xinh xắn, đáng yêu, kích thích sự sáng tạo và niềm vui cho bé trong giấc ngủ.               Hướng dẫn sử dụng               Đặt gối ôm cho bé nằm khi ngủ rất tiện dụng.         Có thể sử dụng gối trong các nôi, giường, cũi cho bé.         Sử dụng cho giường chiếu nơi bé ngủ hoặc nơi bé chơi.                        Hướng dẫn bảo quản               Dễ dàng làm sạch bằng cách giặt tay hoặc giặt máy.         Không sử dụng thuốc tẩy để vệ sinh sản phẩm.         Để nơi thoáng mát, tránh gần lửa.                     Lưu ý               Nên sử dụng theo cách thiết kế.         Nếu có hư hại, xin đừng dùng.         Tránh cho trẻ em ngậm trong miệng.                     Thành phần               Chất liệu vải: 100% cotton         Ruột gối: 100% Polyester"
48519,0007080000368,9000.0000,1,Babycare,173,Đồ dùng vệ sinh,200,Vệ sinh cơ thể,202,"Tăm bông, băng rốn",Không xác định,Misa (Việt Nam),Không xác định,1406042153,False,2014-07-22 15:15:53.527,2025-08-18 09:59:19.847000,2.0,2025-07-18 17:59:29.898256,,Không xác định,Không xác định,Không xác định,Không xác định,0.0000,,Không xác định,Không xác định,Không xác định,Không xác định,Không xác định,0,"Chi tiết sản phẩm                     Tên sản phẩm: Tăm Bông Diva Thân Giấy Hộp Tròn - 200 Que         Loại sản phẩm: Tăm bông         Đối tượng sử dụng: Bé và gia đình         Thương hiệu: DIVA         Nguồn gốc: Châu Âu                        Tăm Bông Diva Thân Giấy Hộp Tròn - 200 Que là tăm bông dành cho bé và gia đình của thương hiệu DIVA đến từ Châu Âu. Sản phẩm được thiết kế nhỏ gọn và tiện lợi, giúp dễ dàng vệ sinh cho bé và gia đình.                              Thành phần 100% bông tự nhiên - Điều kiện an toàn cho bé                 Đầu bông được làm từ 100% bông tự nhiên đã được tinh chế, an toàn và không gây kích ứng cho làn da nhạy cảm của bé.               Thiết kế nhỏ gọn - Tiện ích cho việc sử dụng hàng ngày           Thân que tăm bông được thiết kế với kích thước nhỏ gọn, dễ dàng cầm nắm và sử dụng, vô cùng tiện lợi cho việc chăm sóc cho bé.               Công nghệ tiệt trùng hiện đại - Đảm bảo an toàn cho sức khỏe           Sản phẩm được tiệt trùng bằng công nghệ hiện đại của Châu Âu, giúp bảo vệ sức khỏe cho bé và gia đình.                  Hướng dẫn sử dụng               Lấy tăm bông ra khỏi hộp.         Sử dụng đầu bông để làm sạch tai, hoặc vệ sinh các chất bẩn khác.         Vứt tăm bông vào thùng rác sau khi sử dụng.                        Hướng dẫn bảo quản               Bảo quản ở nơi khô ráo, thoáng mát.         Tránh ánh nắng trực tiếp.         Để xa tầm với của trẻ em.                        Lưu ý               Sản phẩm chỉ dùng một lần.         Không sử dụng cho trẻ em dưới 1 tuổi mà không có sự giám sát của người lớn.                        Thành phần               100% bông tự nhiên đã được tinh chế"
58228,0007051040005,2090000.0000,1,Babycare,2,Bé ngủ,14,"Nôi, cũi, võng",16,"Nôi, cũi Autoru","Nôi được kết cấu 2 tầng:  tầng 1 bằng nhựa chịu lực, có lỗ thông hơi; tầng 2 bằng khung lưới phẳng tạo sự thoáng mát, giúp bé nằm không bị cong lưng, có bộ phận để nâng lên/ hạ xuống. Thiết kế gọn nhẹ, nhịp đưa đều và êm - Dành cho bé sơ sinh đến 3 tuổi - Dùng điện hoặc bằng tay để đưa nôi, giúp bé ngủ ngon - Thiết kế gọn nhẹ, nhịp đưa đều và êm -  Giàn khung bằng kim loại có móc gài chắc chắn, thuận tiện cho thao tác tháo lắp - Nôi được kết cấu 2 tầng:  tầng 1 bằng nhựa chịu lực, có lỗ thông hơi; tầng 2 bằng khung lưới phẳng tạo sự thoáng mát, giúp bé nằm không bị cong lưng, có bộ phận để nâng lên/ hạ xuống. Kết cấu dạng khung gập, có thể thu gọn, dể di chuyển hay cất giữ - Có khóa chân giữ nôi để bé đứng chơi. - Có thể tháo rời để giặt khi cần - Kết cấu dạng khung gập, có thể thu gọn, dể di chuyển hay cất giữ Kích thước: - Lòng Nôi: 95 x 53 x 50 - Tổng thể: 118,5 x 59 x 127,5 - Bao bì: 108 x 61 x 11 - Trọng lượng : 12 kg bao gồm cả thùng. - Sức đưa: 22 kg Hướng dẫn sử dụng Nôi em bé Autoru - Nôi mềm 2 tầng - Phần khung bạn chỉ cẩn mở 2 đầu ra, chốt 4 góc lại (có 4 thanh sắt và 4 lỗ rồi), lưu ý là phần công tắc điện phải hướng ra ngoài. - Phần lòng nôi bạn chỉ cẩn bung ra rồi treo 2 đầu vào 2 móc ở 2 đầu khung là xong. - Sau đó bạn lấy cục sạc, 1 đầu cắm vào ổ điện 220v ( điện sinh hoạt ở nhà bạn), 1 đầu cắm vào hộp máy của nôi, nhớ bật nút on ở họp máy, bạn có thể điều chỉnh tốc độ rung của nôi tùy theo cân nặng của bé ở phần cục sạc (có 6 nấc tùy theo cân nặng của bé). - Khi muốn dừng lại, có 2 cách là rút sạc ra hoặc ấn nút off của hộp máy. - Cách bảo trì hộp máy và điều chỉnh tốc độ rung có ghi ở giấy bảo hành. - Thời gian bảo hành 12 tháng Xuất xứ: Việt Nam",Autoru,Không xác định,1443094875,False,2015-09-24 11:41:15.683,2025-09-27 00:05:36.233000,2.0,2025-07-18 17:59:29.898256,,Không xác định,Không xác định,Không xác định,Không xác định,0.0000,,Không xác định,Không xác định,Không xác định,Không xác định,Không xác định,0,"Chi tiết sản phẩm                     Tên sản phẩm: Nôi Mềm 2 Tầng 3 Sao - AUAC3S - Mega plus - Haravan         Đối tượng sử dụng: Dành cho bé sơ sinh đến 3 tuổi         Kích thước lòng nôi: 95 x 53 x 50 cm         Kích thước tổng thể: 118,5 x 59 x 127,5 cm         Trọng lượng: 12 kg bao gồm cả thùng         Sức đưa: 22 kg         Thời gian bảo hành: 12 tháng         Xuất xứ: Việt Nam                        Nôi Mềm 2 Tầng 3 Sao - AUAC3S - Mega plus - Haravan là nôi trẻ em dành cho bé sơ sinh đến 3 tuổi của thương hiệu Mega plus đến từ Việt Nam. Điểm nổi bật chính là thiết kế gọn nhẹ, dễ dàng di chuyển và sử dụng.                        Nôi mềm hai tầng - Kết cấu thông minh - Tạo sự thoáng mát cho bé            Nôi được kết cấu 2 tầng: tầng 1 bằng nhựa chịu lực, có lỗ thông hơi; tầng 2 bằng khung lưới phẳng giúp bé nằm không bị cong lưng, có bộ phận để nâng lên/ hạ xuống, hỗ trợ sự phát triển tư thế nằm chính xác cho trẻ.            Thiết kế gọn nhẹ - Di chuyển dễ dàng - Hỗ trợ tối ưu cho mẹ      Nôi có thiết kế gọn nhẹ, nhịp đưa đều và êm, giúp bé ngủ ngon hơn. Bên cạnh đó, giàn khung bằng kim loại có móc gài chắc chắn, thuận tiện cho thao tác tháo lắp, giúp mẹ dễ dàng vận chuyển và cất giữ.            Chức năng đa dạng - Thiết kế linh hoạt - Hỗ trợ an toàn cho bé      Có thể dùng điện hoặc bằng tay để đưa nôi, giúp bé ngủ ngon. Đặc biệt, nôi còn có khóa chân giữ nôi để bé đứng chơi, tạo điều kiện cho bé khám phá một cách an toàn và thuận tiện.               Hướng dẫn sử dụng               Mở 2 đầu khung ra, chốt 4 góc lại (có sẵn 4 thanh sắt và 4 lỗ), đảm bảo công tắc điện hướng ra ngoài.         Bung phần lòng nôi ra và treo 2 đầu vào 2 móc ở 2 đầu khung là hoàn tất.         Cắm cục sạc điện với 1 đầu vào ổ điện 220v, 1 đầu vào hộp máy của nôi và bật nút on. Bạn có thể điều chỉnh tốc độ rung của nôi theo cân nặng của bé với 6 nấc.         Để dừng lại, bạn có thể rút sạc ra hoặc ấn nút off của hộp máy.         Cách bảo trì hộp máy và điều chỉnh tốc độ rung đã được ghi ở giấy bảo hành.                        Lưu ý               Chi tiết sản phẩm Nôi Mềm 2 Tầng 3 Sao - AUAC3S chỉ sử dụng cho bé từ sơ sinh đến 3 tuổi.         Nên thường xuyên kiểm tra nôi để đảm bảo không có hư hỏng hay thiệt hại nào trước khi để bé sử dụng.         Chỉ sử dụng theo hướng dẫn sử dụng để đảm bảo an toàn cho bé.                        Thành phần               Khung kim loại         Bằng nhựa chịu lực         Vải bọc nôi         Khung lưới phẳng"
60198,0014570000020,29000.0000,2788,Phụ kiện,397,Cơ cấu hàng cũ,2056,Giày dép tồn,972,Giày tập đi khác tồn,"Giày tập đi luôn được các bậc Cha Mẹ chú ý và lựa chọn kỹ càng, làm sao chất liệu vừa mềm vừa an toàn để có thể giúp bé yêu tập đi một cách năng động. Chính vì vậy, giày tập đi Carrot đã đáp ứng được yêu cầu của Cha Mẹ đấy. Với chất liệu vải mềm mại và đặc biệt an toàn dành cho trẻ sơ sinh, không chứa hóa chất độc hại cho sức khỏe của trẻ sơ sinh. Lớp lót đế mềm, an toàn cho các bé yêu mới tập đi. Đồng thời họa tiết và màu sắc siêu đáng yêu, kích thích bé sớm nhận biết về màu sắc cũng như năng tập đi hơn. Chất liệu vải mềm mại, an toàn cho bé yêu ĐẶC ĐIỂM NỔI BẬT: - Chất liệu: vải mềm mại và đặc biệt an toàn dành cho bé sơ sinh, không chứa hóa chất độc hại cho sức khỏe của bé. - Có không gian cho hoạt động ngón chân của bé thoải mái, bảo vệ bàn chân bé phát triển khỏe mạnh và an toàn. Thiết kế ôm chân, thoải mái, không mang đến cảm giác bức bối, khó chịu - Thiết kế ôm chân, thoải mái, không mang đến cảm giác bức bối, khó chịu. Lớp lót đế mềm, an toàn cho các bé mới tập đi. - Màu sắc cùng họa tiết siêu đáng yêu giúp bé nhận biết màu sắc cũng như kích thích bé năng tập đi hơn. Màu sắc cùng họa tiết siêu đáng yêu - Có thể mang giầy kết hợp với quần jeans, quần vải, áo vải, áo thun.. mang đến sự thoải mái, ấm áp & an toàn cho bé yêu nhưng không kém phần dễ thương. Chiều dài bàn chân: 12cm Lưu ý: Họa tiết có thể thay đổi theo từng đợt nhập hàng Thương hiệu: Carrot Sản xuất tại: Việt Nam BẢO QUẢN SẢN PHẨM - Không nên giặt nước - Không sử dụng thuốc tẩy - Phơi trong bóng mát Thông tin cảnh báo: An toàn cho người sử dụng",Không xác định,Không xác định,1449833687,False,2015-12-11 11:34:47.307,2025-09-27 00:05:36.233000,2.0,2025-07-18 17:59:29.898256,,Không xác định,Không xác định,Không xác định,Không xác định,0.0000,,Vàng,Không xác định,Không xác định,Không xác định,Không xác định,0,"Chi tiết sản phẩm                     Tên sản phẩm: Giày tập đi Carrot         Loại sản phẩm: Giày tập đi         Đối tượng sử dụng: bé sơ sinh         Thương hiệu: Carrot         Sản xuất tại: Việt Nam         Chiều dài bàn chân: 12cm                        Giày tập đi Carrot là giày tập đi dành cho bé sơ sinh của thương hiệu Carrot sản xuất tại Việt Nam. Sản phẩm này được thiết kế với chất liệu an toàn, mang đến sự thoải mái cho bé khi tập đi.                        Chất liệu: Vải mềm mại & an toàn           Giày tập đi Carrot được làm từ chất liệu vải mềm mại và hoàn toàn an toàn cho sức khỏe của trẻ sơ sinh, không chứa hóa chất độc hại. Thoải mái cho đôi chân trẻ, giúp bé yêu phát triển khỏe mạnh trong từng bước đi.            Thiết kế: Ôm chân & thoải mái           Giày được thiết kế ôm chân, mang đến cảm giác thoải mái, không bức bối hay khó chịu. Lớp lót đế mềm hỗ trợ an toàn cho các bé mới tập đi, đồng thời giúp bé dễ dàng di chuyển.            Họa tiết & màu sắc: Siêu đáng yêu           Màu sắc cùng họa tiết của giày vô cùng đáng yêu, giúp bé nhận biết màu sắc đồng thời kích thích bé năng động hơn trong việc tập đi.               Hướng dẫn chọn size      Chiều dài bàn chân: 12cm               Hướng dẫn bảo quản               Không nên giặt nước         Không sử dụng thuốc tẩy         Phơi trong bóng mát                        Lưu ý               Họa tiết có thể thay đổi theo từng đợt nhập hàng                        Thành phần               Vải mềm         Chất liệu an toàn cho trẻ sơ sinh"
61180,0020010000396,401000.0000,2222,Tã,2272,Merries,2275,Merries,2278,Merries_Tã Quần,"﻿﻿﻿﻿﻿﻿﻿﻿﻿﻿Tã quần Merries size XXL 26 miếng là sản phẩm dành cho bé từ 15-28kg đến từ thương hiệu uy tín Merries của Nhật Bản. ﻿Tã quần Merries – một sản phẩm mang tính đột phá đến từ Nhật Bản, khác biệt hoàn toàn so với những loại tã giấy khác trên thị trường, đặc biệt mỏng nhẹ giúp bé tung tăng chạy nhảy suốt 24h mà vẫn khô thoáng và êm dịu.﻿Ưu điểm nổi bật﻿. Siêu mềm mại với bề mặt tiếp xúc điểm xốp mịn và chất liệu mỏng nhẹ, không gây kích ứng lên làn da mỏng manh của bé.. Siêu thông thoáng với chất liệu màng đáy thoát khí đặc biệt. Các đường thun được thiết kế để không khí dễ dàng thổi qua giữa miếng tã và da. Bé sẽ luôn cảm thấy khô ráo ngay cả khi vân động nhiều.. Siêu thấm hút với lõi siêu thấm trung tâm độc đáo giúp thấm hút và khoá chặt một lượng lớn chất lỏng ngay lập tức. Đặc biệt tã không bị vón cục sau khi thấm hút.. Siêu linh hoạt trong chuyển động với thiết kế chữ “W” biến đổi linh hoạt với đáy quần thích ứng theo chuyển động của bé. Đường thun ôm vừa vặn không để lại vết hằn trên da.. Vạch báo thời gian thay tã thông minh: Thay tã khi vạch đổi sang màu xanh lá đậm.Hướng dẫn sử dụng﻿﻿﻿﻿﻿",Merries Nhật,Không xác định,1458674143,False,2016-03-22 19:15:43.823,2025-09-27 00:05:36.233000,2.0,2025-07-18 17:59:29.898256,,Không xác định,Không xác định,Không xác định,Không xác định,52531.0000,,Không xác định,Không xác định,"Nhật Bản, Nhật Bản",Không xác định,"Giấy, bột giấy, vải không dệt, hạt thấm hút, màng polyolefin, cao su tự nhiên, polyurethane, keo dính",0,Không xác định
61215,0024180250008,49000.0000,3292,Thời trang,3958,Cơ cấu hàng cũ,7007,"Thời trang bé trai, bé gái cũ",6991,Quần bé trai,"Quần kaki bé trai ngắn Laluna Quần kaki bé trai ngắn thương hiệu Laluna, sản xuất tại Việt Nam. Quần kaki được may bằng chất liệu kaki mềm hấm hút mồ hôi, bé thoải mái khi vận động. Với kiểu dáng năng động, dể thương, gam màu sọc xanh đơn giản sẽ mang đến phong cách khỏe khoắn, thời trang cho bé yêu của bạn. Chất liệu vải kaki mềm mại, thấm hút mồ hôi tốt, bé thoải mái vận động ĐẶC ĐIỂM NỔI BẬT: - Chất liệu vải kaki mềm mại, thấm hút mồ hôi tốt, bé thoải mái vận động. Sản phẩm không kích ứng với làn da mỏng manh của bé yêu. - Kiểu dáng rộng rãi, thoải mái, mát mẻ khi thời tiết nóng bức. Màu sọc xanh đơn giản, siêu đáng yêu. - Đường may kỹ lưỡng, đều và tinh xảo vừa tăng thêm tính thẩm mỹ, vừa cho bé cảm giác thoải mái khi chơi đùa hay chạy nhảy. - Hợp thời trang với phong cách năng động cho bé. - Dễ dàng giặt sạch bằng tay hay bằng máy mà không sợ ảnh hưởng đến chất lượng cũng như màu sắc. - Thương hiệu Laluna uy tín, mẹ có thể hoàn toàn yên tâm khi sử dụng cho bé. - Sản phẩm có nhiều size cho bé trai từ 3M-5T Kiểu dáng rộng rãi, thoải mái cho mọi hoạt động của bé CÁCH BẢO QUẢN ĐỂ SẢN PHẨM ĐƯỢC BỀN VÀ LUÔN MỚI: - Vò bằng tay với lần giặt đầu tiên, giặt bằng nước lã và không có xà phòng để lớp in mềm hơn, chống bong tróc. Nên giặt sản phẩm bằng nước lạnh hoặc nước nóng dưới 40 độ vì nếu giặt trong nước quá nóng sẽ làm vải giãn ra và lỏng sản phẩm. - Để giữ màu sản được lâu và không bị ra màu trong quá trình giặt, bạn có thể ngâm sản phẩm trong nước ấm có pha chút giấm trong khoảng 15-20 phút. - Không đổ trực tiếp các loại xà bông hoặc nước tẩy lên hình in. Hạn chế dùng các loại nước xả mềm vải vì nó sẽ làm sản phẩm bị giãn rất nhanh và khiến hình in bị mềm, dễ bong tróc. Nếu bạn muốn sản phẩm thơm hơn sau khi giặt, bạn có thể dùng các loại nước xả thơm. - Không nên để sản phẩm ở những nơi ẩm ướt, với tính chất hút ẩm, hút nước tốt, sản phẩm dễ bị ẩm mốc, thậm chí để lại những vết ố trên vải. Tránh phơi sản phẩm trực tiếp dưới nắng vì sẽ làm màu và hình in phai màu. - Khi ủi sản phẩm tuyệt đối không được ủi lên bề mặt in hình trên sản phẩm, nên ủi ở nhiệt độ thấp và lộn trái sản phẩm ra trước khi ủi để tránh làm chết màu sắc của vải và làm bong tróc hay biến dạng những hình ảnh được in trên sản phẩm. Sản xuất tại: Việt Nam",Laluna,Không xác định,1458916524,False,2016-03-25 14:35:24.310,2025-09-27 00:05:36.233000,,,,Không xác định,Không xác định,Không xác định,Không xác định,0.0000,,Xanh dương,3-6M,Không xác định,Không xác định,Không xác định,0,Không xác định
80481,0008020000220,108000.0000,351,Đồ chơi & Sách,2033,0-1Y,2132,Thảm chơi & kệ chữ A,4283,Phụ kiện treo nôi,Không xác định,Winfun,Không xác định,1536168981,False,2018-09-05 17:36:21.367,2025-08-18 09:59:19.847000,2.0,2025-07-18 17:59:29.898256,,Không xác định,Không xác định,Không xác định,Thú nhồi bông,48600.0000,,Không xác định,Không xác định,Không xác định,Không xác định,Không xác định,0,Không xác định
62638,0020030000001,319000.0000,2222,Tã,2290,Pampers,2291,Pampers Nhật,2292,Pampers Nhật_Sơ Sinh,"Với Tã dán Pampers Nhật Bản new dành cho bé, các mẹ có thể hoàn toàn yên tâm dùng cho bé yêu. Pampers sẽ mang đến cho bé sự bao bọc nhẹ nhàng, êm ái như đôi tay mẹ. Thông qua chất liệu bông mềm mại cùng ưu điểm ở khả năng thấm hút chống trào ngược vượt trội, sản phẩm sẽ giữ cho da bé khô thoáng lên đến 12 giờ. ĐẶC ĐIỂM SẢN PHẨM Chất liệu bông cao cấp an toàn cho da bé Chất liệu bông kết hợp với gel thần kỳ, có công dụng thấm hút hiệu quả, mang đến cho bé yêu cảm giác thoải mái và dễ chịu. Pampers là dòng bỉm cho bé được hàng nghìn mẹ tin chọn bởi tất cả đều được làm từ chất liệu an toàn theo tiêu chuẩn cao nhất của Mỹ và châu Âu. Vậy nên, mẹ có thể hoàn toàn yên tâm khi cho bé sử dụng. Khả năng thấm hút vượt trội Tã dán Pampers sở hữu đệm lót khô thoáng với khả năng thấm hút cao cùng tính năng chống trào ngược hiệu quả, kết hợp cùng hệ thấm hút có gel độc nhất sẽ giúp cho làn da của bé luôn được khô ráo, hiệu quả lên đến 12 tiếng. Ngoài ra, bề mặt tã còn chứa lớp dưỡng ẩm, có công dụng giữ cho da bé luôn mềm mại và đảm bảo độ ẩm cần thiết. Thoải mái cho Bé, tiện dụng cho Mẹ Tã nhiều họa tiết đáng yêu, ngộ nghĩnh được in trên mặt tã và đai hông co giãn đàn hồi, tạo cho bé cảm giác thoải mái mà vẫn cố định được bỉm cho bé không bị xê dịch khi bé di chuyển. Ngoài ra, tã dán Pampers sẽ là sản phẩm giúp Mẹ thuận tiện hơn khi thay tã cho bé. Ngày sản xuất: Xem trên bao bì Hướng dẫn thay tã cho bé Chọn size phù hợp với trẻ",Pampers,Không xác định,1466185485,False,2016-06-17 17:44:45.927,2025-09-27 00:05:36.233000,2.0,2025-07-18 17:59:29.898256,,Không xác định,Không xác định,Không xác định,Không xác định,0.0000,,Không xác định,Không xác định,"Nhật Bản, Nhật Bản",Không xác định,Không xác định,0,Không xác định
63010,0020020000204,28000.0000,5217,Thực phẩm cho bé,5229,Cháo ăn dặm,5231,Cháo tươi,5427,Sài Gòn Food,"Cháo tươi baby cá hồi cải bó xôi 240g, SG Food, 7 tháng được làm từ nguyên liệu tươi ngon, đảm bảo an toàn vệ sinh thực phẩm. Sản phẩm có hương vị thơm ngon, giàu dưỡng chất cần thiết cho sức khoẻ bé yêu. Ưu điểm nổi bật. Nguyên liệu tươi ngon được lựa chọn kỹ càng đảm bảo vệ sinh an toàn thực phẩm;. Không chất bảo quản nhờ sản xuất theo công nghệ Nhật Bản;. Không sử dụng hạt nêm bột ngọt;. Bổ sung gấp hơn 2 lần DHA giúp con phát triển trí não và thị giác;. Bổ sung chất xơ hòa tan Prebiotic giúp con tiêu hóa tốt, mau lớn khỏe mạnh;. Bổ sung vitamin B1, Viatmin B6, Folics Acid – Cần thiết cho quá trình trao đổi chất và phát triển của cơ thể.Hướng dẫn sử dụng. Mở gói ăn ngay, không cần chế biến gì thêm;. Ngon hơn khi dùng nóng với các cách sau:- Mở gói, cho sản phẩm vào chén, hâm nóng trong lò vi sóng từ 1-2 phút.- Cho sản phẩm còn nguyên bao bì vào nước nóng khoảng 5-7 phút hoặc nấu trên bếp khoảng 2-3 phút.Lưu ýKhông sử dụng nếu bao bì có dấu hiệu bị rách hoặc bị phồng.Hướng dẫn bảo quản. Bảo quản nhiệt độ thường, nơi khô ráo, thoáng mát;. Sau khi mở bao bì, bảo quản ở ngăn mát tủ lạnh và sử dụng trong ngày.Hạn sử dụng12 tháng. ﻿",Sài Gòn Food,"CÔNG TY CỔ PHẦN SÀI GÒN FOOD - CHI NHÁNH VĨNH LỘCLô C13-C14/II, Đường 2F, KCN Vĩnh Lộc, Xã Vĩnh Lộc A, H. Bình Chánh, TP.HCM",1469632076,False,2016-07-27 15:07:56.950,2025-09-27 00:05:00.627000,2.0,2025-07-18 17:59:29.898256,,Không xác định,Không xác định,Không xác định,Không xác định,9324.0000,,Không xác định,Không xác định,Việt Nam,Không xác định,Không xác định,1,Không xác định
81196,0024190160278,49000.0000,3292,Thời trang,3958,Cơ cấu hàng cũ,7007,"Thời trang bé trai, bé gái cũ",6989,Bodysuit cũ,Không xác định,CF (ConCung Fashion),Không xác định,1539338233,False,2018-10-12 09:57:13.573,2025-08-18 09:59:19.847000,2.0,2025-07-18 17:59:29.898256,,Không xác định,Sơ sinh,Từ 1Y,Bộ quần áo,686.0000,,Không xác định,Không xác định,Không xác định,Không xác định,Không xác định,0,Không xác định
32013,0007010000281,176000.0000,1,Babycare,62,Đồ dùng ăn uống,63,Dụng cụ ăn uống,7044,Dụng cụ ăn uống Pigeon,"﻿ Bộ tập ăn Pigeon dưới đây đến từ thương hiệu Pigeon Nhật Bản là sản phẩm giúp bé tập ăn độc lập một cách dễ dàng và thuận tiện nhất. Ưu điểm nổi bật . Bộ sản phẩm bao gồm 1 bát, 1 đĩa và 2 chiếc thìa ngắn dài khác nhau hỗ trợ bé hình thành các kỹ năng vận động cơ bản cũng như phối hợp sử dụng các loại tô, chén, dĩa quen thuộc để giúp bé nhanh chóng tập ăn độc lập. . Được làm bằng chất liệu nhựa Polypropylene cao cấp, không chứa BPA chống va đập và ma sát cao, nên các mẹ hoàn toàn có thể an tâm sử dụng để đảm bảo an toàn sức khỏe cho bé.. Hình ảnh thu hút, màu sắc nhẹ nhàng với hình chú gấu ngộ nghĩnh cho bé thích thú khi tập ăn. Hướng dẫn sử dụng . Rửa sạch ngay sau khi sử dụng để tránh bị đổi màu. . Cẩn thận lấy ra từ lò vi sóng vì có thể bát đĩa vẫn còn đang nóng.Hướng dẫn bảo quản . Không để gần những vật dụng tạo nhiệt lửa như bếp lò, lò nướng thức ăn, lò nướng bánh. . Tránh sử dụng với thức ăn có chứa nhiều đường và dầu vì những chất này làm tăng nhiệt rất cao trong quá trình đun nấu. . Không dùng vật dụng nhám để chà rửa vì có thể làm bề mặt bị trầy xước. . Tốt nhất để thức ăn nguội bớt khi cho vào bát đĩa. . Khi đun nấu với các thực phẩm như cà rốt, cà chua hoặc bí ngô sẽ làm bát đĩa dễ bị đổi màu. Thành phần Polypropylene (chịu nhiệt: -20 độ C - 120 độ C)",Pigeon,Không xác định,1365170176,False,2013-04-05 13:56:16.730,2025-09-30 12:05:04.640000,2.0,2025-07-18 17:59:29.898256,,Không xác định,Không xác định,Không xác định,Không xác định,72688.0000,,Không xác định,Không xác định,"Nhật Bản , Indonesia",Không xác định,Không xác định,0,"Chi tiết sản phẩm                     Tên sản phẩm: Bộ bát đĩa tập ăn Mini Pigeon         Thương hiệu: Pigeon         Xuất xứ thương hiệu: Nhật Bản         Sản xuất tại: Indonesia         Độ tuổi phù hợp: Bé từ 6 tháng         Chất liệu: Nhựa Polypropylene cao cấp không chứa BPA         Bộ sản phẩm gồm: 1 bát, 1 đĩa lớn, 2 chiếc thìa với kích cỡ và độ cong khác nhau         Khả năng chịu nhiệt: Từ -20 độ C đến 120 độ C                         Bộ bát đĩa tập ăn Mini Pigeon là bộ dụng cụ tập ăn dành cho bé từ 6 tháng tuổi của thương hiệu Pigeon đến từ Nhật Bản. Sản phẩm giúp bé phát triển kỹ năng ăn độc lập một cách dễ dàng và thuận tiện, với thiết kế an toàn và màu sắc thu hút, tạo sự hứng thú cho bé trong mỗi bữa ăn.                        Bộ bát đĩa tập ăn Mini Pigeon – Thiết kế  đa dụng hỗ trợ bé tập ăn độc lập            Bộ sản phẩm bao gồm 1 bát sâu lòng, 1 đĩa lớn và 2 chiếc thìa với độ dài và độ cong khác nhau, hỗ trợ bé phát triển kỹ năng vận động cơ bản và phối hợp sử dụng đồ dùng ăn uống quen thuộc. Thiết kế tay cầm hai bên của bát và đĩa giúp bé dễ dàng cầm nắm, xúc và tự lập trong việc ăn uống, từ đó khuyến khích sự tự tin và độc lập khi tập ăn.               Chất liệu nhựa Polypropylene cao cấp không chứa BPA – An toàn sức khỏe bé yêu            Bộ bát đĩa tập ăn Mini Pigeon được làm từ chất liệu nhựa Polypropylene cao cấp, không chứa BPA gây hại. Nhờ khả năng chịu va đập, chống ma sát tốt cùng khả năng chịu nhiệt từ -20 độ C đến 120 độ C, sản phẩm đảm bảo an toàn cho bé khi sử dụng hàng ngày. Các bậc phụ huynh hoàn toàn yên tâm về chất lượng và độ bền bỉ của bộ dụng cụ này trong quá trình tập ăn của bé.               Màu sắc nhẹ nhàng, hình chú gấu ngộ nghĩnh – Mang lại sự thích thú cho bé khi ăn            Bộ bát đĩa được trang trí hình chú gấu đáng yêu cùng gam màu pastel nhẹ nhàng giúp thu hút sự chú ý của bé, khơi gợi sự hứng thú và tạo cảm giác vui vẻ mỗi khi tập ăn. Thiết kế thân thiện với trẻ nhỏ góp phần giúp bé dễ dàng làm quen và yêu thích những bữa ăn hơn.               Hướng dẫn sử dụng               Rửa sạch bộ bát đĩa ngay sau khi sử dụng để tránh bị đổi màu.         Cẩn thận khi lấy ra từ lò vi sóng vì bát đĩa có thể còn nóng, tránh làm bé bị bỏng.         Hạn chế sử dụng với thực phẩm chứa nhiều đường và dầu mỡ để tránh tăng nhiệt độ sản phẩm khi đun nấu.         Không dùng vật dụng nhám hoặc cứng để chà rửa bề mặt bát đĩa tránh làm trầy xước.         Tốt nhất nên để thức ăn nguội bớt trước khi cho vào bát đĩa để bảo vệ sản phẩm.         Khi sử dụng đồ nấu có cà rốt, cà chua hoặc bí ngô dễ làm đổi màu sản phẩm, cần lưu ý bảo quản kỹ.                     Hướng dẫn bảo quản               Không để gần các vật dụng tạo nhiệt cao như bếp lò, lò nướng thức ăn hay bánh để tránh làm hỏng bát đĩa.         Tránh đun nấu hoặc bảo quản thực phẩm chứa nhiều đường và dầu mỡ trong bát đĩa vì sẽ làm tăng nhiệt độ cao làm hỏng sản phẩm.         Không sử dụng vật dụng chà rửa bằng vật liệu nhám để tránh làm trầy xước bề mặt bộ đồ ăn.         Luôn để đồ ăn nguội vừa phải trước khi cho vào bộ bát đĩa để bảo đảm độ bền cho sản phẩm.                     Thành phần               Polypropylene (chịu nhiệt: -20 độ C - 120 độ C)"
103167,3827000000003,215000.0000,3960,Textile,6589,Khăn gia đình,5047,Khăn tắm gia đình,5064,Khăn tắm gia đình Sợi sồi Animo,"﻿Khăn tắm sợi sồi kháng khuẩn Animo BM2W được làm từ chất liệu mềm mại và bổ sung hoạt chất khoáng khuẩn, giúp hạn chế sự phát triển của vi khuẩn và nấm mốc, ngăn mùi hôi hiệu quả và không gây kích ứng da của bé. Ưu điểm nổi bật Khăn tắm sợi sồi kháng khuẩn Animo BM2W đang được sử dụng làm dòng sản phẩm khăn bông cao cấp cho trẻ sơ sinh và mẹ ở những trị trường khó tính nhất như: Nhật Bản, Hàn Quốc nhờ sở hữu những ưu điểm nổi bật sau: . Được sản xuất từ nguyên liệu cotton và Modal (sợi sồi);. Được phủ một lớp kháng khuẩn, rất mềm mại, an toàn và không gây kích ứng cho da;. Giúp hạn chế sự phát triển của vi khuẩn và nấm mốc, ngăn mùi hôi hiệu quả trong quá trình sử dụng và giúp bảo vệ sức khỏe người tiêu dùng. Hướng dẫn bảo quản và sử dụng. Sản phẩm mua về nên giặt trước khi sử dụng.. Giặt túi giặt áp lực nhẹ. Không giặt chung với các sản phẩm đậm màu. Không sử dụng chất tẩy. Hạn chế giặt máy, chỉ nên giặt tay để sản phẩm bền hơn.. Không phơi dưới nắng gắt﻿﻿﻿",Animo,Không xác định,1632409492,False,2021-09-23 15:04:52.150,2025-09-25 08:05:22.393000,2.0,2025-07-18 17:59:29.898256,,Không xác định,Không xác định,Không xác định,"Khăn mặt, khăn tắm",86430.0000,,Không xác định,Không xác định,Việt Nam,Không xác định,30% Modal 70% cotton,0,"Chi tiết sản phẩm                     Tên sản phẩm: Khăn tắm sợi sồi kháng khuẩn Animo BM2W (60x120cm,Xanh)         Thương hiệu: Animo         Sản xuất tại: Việt Nam         Kích thước (Dài x Rộng): 60x120cm         Chất liệu: 30% Modal 70% cotton                      Khăn tắm sợi sồi kháng khuẩn Animo BM2W (60x120cm,Xanh) là khăn tắm dành cho bé sơ sinh và mẹ của thương hiệu Animo sản xuất tại Việt Nam. Sản phẩm nổi bật với chất liệu mềm mại cùng hoạt chất kháng khuẩn giúp hạn chế sự phát triển vi khuẩn, ngăn ngừa mùi hôi và bảo vệ làn da nhạy cảm của bé.                     Khăn tắm sợi sồi - chất liệu mềm mại, an toàn cho da bé            Khăn tắm được làm từ hỗn hợp 30% sợi Modal (sợi sồi) và 70% cotton tạo nên thành phần vải siêu mềm mại, giúp chăm sóc làn da nhạy cảm của bé sơ sinh và mẹ. Chất liệu này không chỉ dễ dàng thấm hút nước tốt mà còn đảm bảo sự thoáng mát, giúp da bé luôn được thông thoáng và hạn chế kích ứng.            Kháng khuẩn - ngăn ngừa vi khuẩn và mùi hôi hiệu quả            Khăn tắm Animo BM2W được bổ sung hoạt chất khoáng khuẩn chuyên biệt giúp hạn chế sự phát triển của vi khuẩn và nấm mốc trên bề mặt khăn. Điều này không chỉ giúp duy trì khẩu hiệu vệ sinh tốt mà còn ngăn ngừa mùi hôi khó chịu, giữ khăn luôn sạch sẽ và an toàn cho sức khỏe của bé cũng như mẹ.            Tiêu chuẩn cao cấp - phù hợp thị trường khó tính Nhật Bản, Hàn Quốc            Sản phẩm khăn tắm sợi sồi kháng khuẩn Animo BM2W được tin dùng tại những thị trường có yêu cầu khắt khe như Nhật Bản, Hàn Quốc nhờ sở hữu các đặc điểm về chất liệu và khả năng kháng khuẩn tuyệt vời. Đây là lựa chọn tối ưu dành cho trẻ sơ sinh và mẹ cần sản phẩm khăn mềm mại, an toàn và bền bỉ.                 Hướng dẫn sử dụng               Sản phẩm nên được giặt sạch trước khi sử dụng lần đầu để đảm bảo vệ sinh và loại bỏ bụi bẩn.         Giặt khăn bằng túi giặt ở chế độ áp lực nhẹ để giữ độ bền và tránh làm xù sợi vải.         Không giặt chung khăn với các sản phẩm có màu đậm để tránh bị dính màu, làm giảm chất lượng khăn.         Không sử dụng chất tẩy nhằm tránh phá hủy lớp kháng khuẩn và làm hư cấu trúc vải.         Nên giặt tay thay vì giặt máy để khăn giữ được độ mềm mại và tuổi thọ lâu hơn.         Không phơi khăn dưới ánh nắng gắt, tránh làm bạc màu và hư hại các sợi vải.                     Hướng dẫn bảo quản               Giặt khăn trước khi sử dụng lần đầu để tối ưu vệ sinh và độ mềm mại.         Sử dụng túi giặt và chế độ áp lực nhẹ khi giặt máy để bảo vệ khăn.         Tuyệt đối không giặt chung khăn với đồ có màu đậm để tránh lem màu.         Hạn chế dùng chất tẩy để giữ nguyên khả năng kháng khuẩn của khăn.         Ưu tiên giặt tay để giữ nguyên kết cấu vải, tăng độ bền.         Tránh phơi khăn dưới nắng gắt, nên phơi nơi râm mát thoáng khí.                     Thành phần               30% Modal (sợi sồi)         70% cotton"
106259,3491000000004,45000.0000,3292,Thời trang,3479,Quần áo & Phụ kiện sơ sinh,3490,"Bao tay chân, nón",3495,Set 2 Bộ bao tay chân,"Bao tay sơ sinh thun 2 đôi Animo I0122023 (NB, Hồng) với chất liệu cotton mềm mịn sẽ bảo vệ bàn tay bé sơ sinh một cách dịu dàng, êm ái. Ưu điểm nổi bật của sản phẩm - Thiết kế thời trang, dễ thương, màu sắc nhã nhặn.- Chất liệu COTTON siêu bền và thoáng mát. Hướng dẫn sử dụngBa mẹ đeo vào tay cho bé Lưu ý: Để nơi thoáng mát, tránh xa nguồn nhiệt. Thông tin sản phẩmTên sản phẩm: Bao tay sơ sinh thun 2 đôi Animo I0122023 (NB, Hồng)Thương hiệu: Animo Xuất xứ: Việt NamChất liệu: CottonKích thước: 7x9cmĐối tượng sử dụng: Bé từ 0-3 tháng tuổi",Animo,Không xác định,1639144618,False,2021-12-10 13:56:58.730,2025-09-26 16:05:04.157000,2.0,2025-07-18 17:59:29.898256,,Không xác định,Sơ sinh,Từ 0M,"Bao tay, bao chân",26190.0000,,Không xác định,Không xác định,Không xác định,Không xác định,Không xác định,0,"Chi tiết sản phẩmTên sản phẩm:Bao tay sơ sinh thun 2 đôi Animo I0122023 (NB, Hồng)Thương hiệu: AnimoXuất xứ: Việt NamChất liệu: CottonKích thước: 7x9cmĐối tượng sử dụng: Bé từ 0-3 tháng tuổiBao tay sơ sinh thun 2 đôi Animo I0122023 (NB, Hồng) là bao tay sơ sinh dành cho bé sơ sinh của thương hiệu Animo đến từ Việt Nam. Sản phẩm nổi bật với chất liệu cotton mềm mịn, bảo vệ bàn tay bé một cách dịu dàng và êm ái.Thiết kế thời trang, dễ thương mang lại sự thoải mái cho béSản phẩm được thiết kế với kiểu dáng thời trang, dễ thương và màu sắc nhã nhặn, giúp bé yêu trông xinh xắn hơn khi sử dụng. Viền thun mềm mại co giãn tối ưu nhằm đảm bảo vừa vặn, không gây khó chịu hay hằn đỏ da bé khi sử dụng.Chất liệu cotton siêu bền và thoáng mát giữ cho bé luôn dễ chịuĐược làm từ chất liệu cotton 100% mềm mịn, bao tay Animo thấm hút mồ hôi tốt, giúp đôi bàn tay bé luôn được thoáng khí và khô ráo. Cotton còn rất an toàn với làn da nhạy cảm của bé sơ sinh, giúp ngăn ngừa các vết xước do móng tay gây ra một cách hiệu quả.Hướng dẫn sử dụngBa mẹ nhẹ nhàng đeo bao tay vào bàn tay của bé để bảo vệ da khỏi những tổn thương từ móng tay hoặc yếu tố bên ngoài.Kiểm tra độ vừa vặn, đảm bảo bao tay không quá chật để bé cảm thấy thoải mái khi cử động.Thường xuyên giặt sạch và thay đổi bao tay cho bé để giữ vệ sinh tốt nhất.Hướng dẫn bảo quảnGiữ bao tay ở nơi thoáng mát, tránh ánh nắng mặt trời trực tiếp hoặc nguồn nhiệt cao.Giặt tay hoặc giặt máy chế độ nhẹ với nước lạnh để giữ độ mềm mại và bền màu.Tránh sử dụng chất tẩy rửa mạnh có thể gây ăn mòn vải hoặc ảnh hưởng đến da bé.Để bao tay khô tự nhiên, không nên sấy khô ở nhiệt độ cao.Lưu ýĐể nơi thoáng mát, tránh xa nguồn nhiệt để bảo vệ chất lượng sản phẩm.Kiểm tra thường xuyên tình trạng bao tay để đảm bảo an toàn và vệ sinh cho bé.Thành phầnCotton"
32876,0008040000040,345000.0000,351,Đồ chơi & Sách,2031,1Y+,2159,Học tập và phát triển tư duy,2115,Đồ chơi xếp chồng/thả hình khối,Không xác định,WinWinToys,Không xác định,1372932089,False,2013-07-04 10:01:29.033,2025-08-18 09:59:19.847000,2.0,2025-07-18 17:59:29.898256,,Không xác định,Không xác định,Không xác định,Không xác định,0.0000,,Không xác định,Không xác định,Không xác định,Không xác định,Không xác định,0,"Chi tiết sản phẩm                     Tên sản phẩm: Nhà thả 12 khối         Kích thước: 170 x 150 x 165 (mm)         Đóng gói: Cái/ bao nylon         Độ tuổi: Từ 2 tuổi trở lên                        Nhà thả 12 khối là đồ chơi giáo dục dành cho trẻ từ 2 tuổi của thương hiệu Winwintoys. Điểm nổi bật là khả năng phát triển trí thông minh và khám phá thế giới xung quanh cho bé thông qua các khối hình màu sắc.                        Màu sắc phong phú giúp trẻ phân biệt           Bé sẽ được làm quen với màu sắc đa dạng như đỏ, cam, vàng, xanh, trắng,... từ những khối hình dễ thương. Điều này sẽ hỗ trợ bé trong việc nhận biết và phân biệt màu sắc cơ bản ngay từ sớm.               Làm quen với hình học cơ bản qua các khối hình           Bé được tiếp xúc và làm quen với các khối hình như vuông, tròn, tam giác, và ngôi sao. Điều này giúp phát triển tư duy toán học và khả năng nhận biết hình học cho trẻ.               Kích thích vận động và sự khéo léo           Khi bé chơi với Nhà thả 12 khối, bé sẽ tập trung vào việc chọn lựa hình khối để bỏ vào ô tương ứng. Hoạt động này không chỉ giúp kết hợp tốt giữa tay và mắt mà còn phát triển sự khéo léo, nhanh nhẹn cho bé.               Khám phá ngôi nhà đầy màu sắc           Bé sẽ nhận biết và khám phá ngôi nhà với những đặc điểm như cửa chính lớn, cửa sổ nhỏ và mái ngói màu đỏ. Thông qua đó, bé có thể phát triển trí tưởng tượng và sáng tạo của mình.               Hướng dẫn chọn size      Đồ chơi này không áp dụng hướng dẫn chọn size.                  Hướng dẫn sử dụng               Đặt nhà thả khối trên mặt phẳng vững chắc.         Hướng dẫn bé lựa chọn các khối hình theo màu sắc hoặc hình dạng.         Khuyến khích bé bỏ từng khối vào lỗ cho phù hợp.         Để bé tự do khám phá và sáng tạo với các khối hình.                        Hướng dẫn bảo quản               Giữ sản phẩm ở nơi khô ráo, thông thoáng.         Tránh để sản phẩm tiếp xúc với nước hoặc nơi ẩm ướt.         Khi không sử dụng, hãy cất gọn gàng để tránh mất mát các khối hình.                        Lưu ý               Sản phẩm thích hợp cho trẻ từ 2 tuổi trở lên.         Ba mẹ nên chơi cùng để giúp bé học hỏi tốt hơn.         Đảm bảo sản phẩm không có cạnh sắc nhọn và an toàn cho trẻ khi chơi.                     Thành phần               Gỗ cao su         Nước sơn an toàn cho trẻ"
46569,0015020000079,39000.0000,351,Đồ chơi & Sách,2038,Sách & VPP,2183,Sách,2186,Sách nuôi dạy con,"Chỉ cần mỗi ngày đọc một trang thì từ lúc có thai đến khi sinh con bạn đã có mộ vốn kiến thức cơ bản về sinh đẻ và chăm sóc sức khoẻ cho cả mẹ và con: - Tuổi sinh con hợp lý - Người mẹ mắc bệnh gì không nên sinh con - Cách sử dụng thuốc khi mang thai - Cách chăm sóc sức khoẻ, đề phòng các loại bệnh dễ gặp khi mang thai... - Cách chăm sóc, nuôi dưỡng trẻ...Sức khoẻ của thai nhi có liên quan mật thiết với sức khoẻ và tình trạng dinh dưỡng của bố mẹ. Đặc biệt là sức khoẻ của người mẹ có ảnh hưởng trực tiếp đến sức khoẻ của thai nhi. Trên thực tế, chế độ ăn uống bảo đảm cân bằng dinh dưỡng của người mẹ khi mang thai là yếu tố quan trọng đối với việc hình thành và phát triển của bào thai trong tử cung, nhằm cung cấp nguồn dinh dưỡng cần thiết cho thai nhi. Cho nên, nếu bạn chuẩn bị mang thai cần phải ăn đầy đủ các loại chất dinh dưỡng.Phụ nữ chuẩn bị mang thai chú ý nâng cao tiêu chuẩn dinh dưỡng có thể làm nâng cao chất lượng của tế bào sinh sản. Khi bạn biết chính xác là đã thụ thai mới tăng dinh dưỡng thì trên thực tế đã không đáp ứng nhu cầu phát triển của thai nhi trong thời gian đầu rồi. Nâng cao tiêu chuẩn dinh dưỡng trước khi mang thai là một trong những biện pháp quan trọng nhất để thai nhi khoẻ mạnh.Ngoài chế độ ăn ra, bạn còn cần phải chú ý rèn luyện sức khỏe như tập thể dục hàng ngày, bơi lội, khiêu vũ, đi bộ, hít thở không khí trong lành...Mời bạn đón đọc.",NXB Phụ Nữ,Không xác định,1400771684,False,2014-05-22 15:14:44.167,2025-09-27 00:05:36.233000,2.0,2025-07-18 17:59:29.898256,,Không xác định,Không xác định,Không xác định,Không xác định,0.0000,,Không xác định,Không xác định,Không xác định,Không xác định,Không xác định,0,Không xác định
71552,0007240000018,424000.0000,3960,Textile,6583,Khăn em bé,174,Khăn choàng ủ,176,Khăn choàng ủ TH khác,"fullimage Khăn choàng tắm cao cấp cho bé Mollis N29 (hươu xanh) với chất liệu 100% cotton, được sản xuất theo tiêu chuẩn chất lượng châu Âu, đặc biệt an toàn cho bé, thấm hút tốt, mềm mịn với làn da. Hướng dẫn sử dụng: - Không dùng thuốc tẩy; - Bảo quản nơi khô ráo; - Hạn chế phơi trực tiếp sản phẩm dưới ánh nắng mặt trời; - Giặt sấy ở chế độ nhẹ. THÔNG TIN SẢN PHẨM Tên sản phẩm: Khăn choàng tắm cao cấp cho bé Mollis N28 (mặt gấu hồng) Thương hiệu: Mollis Xuất xứ: Việt Nam Nhà sản xuất: Tổng công ty CP Phong Phú Chất liệu: cotton",Mollis,Không xác định,1499356684,False,2017-07-06 15:58:04.413,2025-09-30 12:05:22.090000,2.0,2025-07-18 17:59:29.898256,,Không xác định,Không xác định,Không xác định,Khăn choàng,140768.0000,,Không xác định,Không xác định,Không xác định,Không xác định,Không xác định,0,"Chi tiết sản phẩmTên sản phẩm: Khăn choàng tắm cao cấp cho bé Mollis N28 (mặt gấu hồng)Thương hiệu: MollisXuất xứ: Việt NamNhà sản xuất: Tổng công ty CP Phong PhúKhăn choàng tắm cao cấp cho bé Mollis N29 là khăn choàng tắm dành cho bé của thương hiệu Mollis, được sản xuất tại Việt Nam. Sản phẩm nổi bật với chất liệu 100% cotton mềm mịn, an toàn cho làn da nhạy cảm của bé, đồng thời thấm hút tốt giúp bé luôn cảm thấy dễ chịu và thoáng mát khi sử dụng.Khăn choàng tắm Mollis N29 chất liệu 100% cotton mềm mại, an toàn cho béKhăn choàng tắm Mollis N29 được làm hoàn toàn từ chất liệu cotton cao cấp, mang đến sự mềm mại tối ưu và khả năng thấm hút vượt trội. Điều này giúp làn da bé luôn được giữ sạch sẽ, khô thoáng sau mỗi lần tắm mà không gây kích ứng hay tổn hại cho da. Sản phẩm đã được kiểm định theo tiêu chuẩn chất lượng châu Âu, đảm bảo tuyệt đối an toàn cho trẻ nhỏ, phù hợp cho cả làn da mỏng manh và nhạy cảm nhất.Hướng dẫn sử dụngKhông dùng thuốc tẩy để tránh làm hư hại vải và giữ nguyên màu sắc của khăn.Bảo quản khăn ở nơi khô ráo, thoáng mát để tránh ẩm mốc, giữ khăn luôn sạch sẽ.Hạn chế phơi khăn trực tiếp dưới ánh nắng mặt trời để tránh làm khăn bị khô cứng và phai màu.Giặt và sấy khăn ở chế độ nhẹ để bảo vệ chất vải và độ bền của khăn lâu dài.Hướng dẫn bảo quảnKhông sử dụng thuốc tẩy để giữ độ bền và màu sắc khăn.Bảo quản nơi khô ráo, tránh ẩm ướt gây mốc khăn.Hạn chế phơi khăn trực tiếp dưới ánh nắng gay gắt.Giặt sấy với chế độ nhẹ nhàng để bảo vệ sợi vải cotton.Thành phần100% cotton"
86670,2102000000002,790000.0000,351,Đồ chơi & Sách,2031,1Y+,4286,Vận động ngoài trời,2103,Scooter 2 bánh/3 bánh,"Xe scooter 2 bánh Elsa DCA82010-Q là những trò chơi và cũng là môn thể thao vận động được rất nhiều trẻ em trên toàn thế giới yêu thích. Nó không những là giải pháp tốt giúp các bé rèn luyện sức khỏe mà còn là một trò chơi giúp trẻ luyện tập phản xạ, khả năng điều hướng, sự nhanh nhẹn, nhạy bén, linh hoạt và giúp trẻ giải tỏa căng thẳng sau mỗi giờ học vất vả. Khung xe chắc chắn, vật liệu an toàn - Thiết kế xe có khung xe được sản xuất từ chất liệu sắt kết hợp cùng nhựa PVC cao cấp với độ chịu lực cao mang tới kết cấu chắc chắn và độ bền đẹp theo thời gian sử dụng. - Tay cầm với chất liệu nhựa mềm an toàn, đàn hồi êm ái và chống trơn trượt cao. - Xe có trọng lượng nhẹ nhàng song nhờ kết cấu chắc chắn nên có thể chịu được tải trọng khá lớn, phù hợp vui chơi cho bé từ 3 tuổi trở lên. - Xe thiết kế linh hoạt có thể thay đổi chiều cao, thấp của xe cho phù hợp với bé. - Chỉ cần đặt 1 chân lên xe, chân kia đẩy tạo đà và điều khiển tay lái để chạy xe theo ý muốn. Có thể nâng độ cao tay cầm và gập xe lại dễ dàng khi không sử dụng. THÔNG TIN SẢN PHẨM Tến sản phẩm: Xe scooter 2 bánh Elsa DCA82010-Q Thương hiệu : Mesuca Xuất xứ: Trung Quốc Chất liệu: Sắt , nhựa PVC. Kích thước sản phẩm: 64x32.5x79.5 (cm) Trọng lượng của xe : 2.8 kg Chịu tải trọng đến khoảng 50 kg Độ tuổi: Phù hợp cho be từ 3 tuổi trở lên Chú ý:  Nên đeo các phụ kiện bảo vệ như nón bảo hiểm, bảo vệ đầu gối tay và chân.﻿﻿",Mesuca,Không xác định,1566217005,False,2019-08-19 12:16:45.363,2025-09-30 12:05:22.090000,2.0,2025-07-18 17:59:29.898256,,Không xác định,Không xác định,Không xác định,Scooter,283610.0000,,Không xác định,Không xác định,Không xác định,Không xác định,Không xác định,0,"Chi tiết sản phẩmTên sản phẩm: Xe scooter 2 bánh Elsa DCA82010-QThương hiệu: MesucaXuất xứ: Trung QuốcChất liệu: Sắt, nhựa PVCKích thước sản phẩm: 64x32.5x79.5 (cm)Trọng lượng xe: 2.8 kgChịu tải trọng: Đến khoảng 50 kgĐộ tuổi phù hợp: Bé từ 3 tuổi trở lênXe scooter 2 bánh Elsa DCA82010-Q là sản phẩm xe scooter dành cho bé từ 3 tuổi trở lên của thương hiệu Mesuca đến từ Trung Quốc. Đây là món đồ chơi vận động giúp các bé rèn luyện sức khỏe và phát triển kỹ năng phản xạ, linh hoạt trong vận động một cách an toàn và vui nhộn.Khung xe chắc chắn từ chất liệu sắt và nhựa PVC cao cấp giúp xe bền đẹp và chịu lực tốtXe scooter Elsa DCA82010-Q sở hữu khung xe được sản xuất từ sắt kết hợp nhựa PVC chất lượng cao, cho phép xe có kết cấu bền chắc, chịu lực tốt và đảm bảo an toàn trong suốt thời gian sử dụng lâu dài.Tay cầm nhựa mềm êm ái, chống trơn trượt giúp bé tự tin điều khiểnTay cầm xe được làm từ nhựa mềm có độ đàn hồi cao, đảm bảo sự an toàn và thoải mái cho bé khi sử dụng, đồng thời có khả năng chống trơn trượt giúp bé dễ dàng kiểm soát hướng đi khi chơi.Thiết kế linh hoạt có thể điều chỉnh chiều cao và gập gọn tiện lợiXe scooter Elsa được thiết kế cực kỳ linh hoạt với khả năng thay đổi chiều cao tay cầm phù hợp với từng kích cỡ cơ thể bé, cùng tính năng gập gọn giúp tiết kiệm diện tích khi không sử dụng hoặc mang theo đi xa.Trọng lượng nhẹ nhàng thích hợp cho bé từ 3 tuổi trở lênMặc dù có cấu trúc chắc chắn, xe scooter Elsa vẫn giữ trọng lượng nhẹ chỉ 2.8 kg, phù hợp cho trẻ từ 3 tuổi trở lên vui chơi vận động, giúp bé dễ dàng đẩy chân tạo đà và điều khiển tay lái an toàn.Vận động toàn diện giúp tăng phản xạ, linh hoạt và giải tỏa căng thẳngXe scooter không chỉ là trò chơi mà còn giúp bé phát triển kỹ năng vận động, luyện tập phản xạ nhanh nhạy, khả năng điều hướng và sự khéo léo, góp phần giúp trẻ thư giãn và tăng cường sức khỏe sau những giờ học căng thẳng.Hướng dẫn sử dụngĐặt một chân lên bàn để chân của xe scooter.Dùng chân còn lại đẩy nhẹ tạo đà cho xe chuyển động.Dùng tay cầm điều khiển hướng xe theo ý muốn.Có thể nâng độ cao tay cầm phù hợp với chiều cao của bé.Sau khi chơi xong, có thể gập xe lại để cất giữ thuận tiện.Hướng dẫn bảo quảnVệ sinh xe định kỳ bằng khăn ẩm để loại bỏ bụi bẩn và mồ hôi.Tránh để xe ngoài trời mưa hoặc nơi ẩm ướt làm ảnh hưởng đến khung sắt.Bảo quản xe nơi khô ráo, thoáng mát khi không sử dụng.Kiểm tra định kỳ các bộ phận như bánh xe và tay lái để đảm bảo an toàn khi dùng.Chú ýNên trang bị đầy đủ các phụ kiện bảo vệ như nón bảo hiểm, bảo vệ đầu gối, tay và chân cho bé khi chơi.Đảm bảo bé được hướng dẫn và giám sát khi sử dụng xe scooter để phòng ngừa tai nạn.Không cho trẻ em dưới 3 tuổi sử dụng xe để đảm bảo an toàn cho bé.Thành phầnSắtNhựa PVC"
82549,1005102980001,69000.0000,3292,Thời trang,3958,Cơ cấu hàng cũ,7007,"Thời trang bé trai, bé gái cũ",6987,Bộ quần áo bé gái,Không xác định,CF (ConCung Fashion),Không xác định,1545390201,False,2018-12-21 11:03:21.350,2025-08-18 09:59:19.847000,2.0,2025-07-18 17:59:29.898256,,Không xác định,Bé Gái,9Y-10Y,Bộ quần áo,0.0000,,Không xác định,Không xác định,Không xác định,Không xác định,Không xác định,0,Không xác định
46125,0020010000096,401000.0000,2222,Tã,2272,Merries,2275,Merries,2277,Merries_Tã dán M-XXL,"﻿﻿Tã dán Merries size L 54 miếng là sản phẩm dành cho bé từ 9-14kg đến từ thương hiệu uy tín Merries của Nhật Bản. Ra đời với công nghệ ""4 siêu"" - siêu mềm mại, siêu thông thoáng, siêu thấm hút, siêu linh hoạt, tã dán Merries trở thành ""người bạn"" của hàng ngàn em bé trên toàn thế giới.Ưu điểm nổi bật. Siêu mềm mại: được làm từ bông siêu mỏng và các hạt thấm hút nhanh, có bề mặt mềm mại, xốp mịn, tiếp xúc nhẹ nhàng, không gây hằn đỏ trên da bé.. Siêu thông thoáng: dựa vào công nghệ siêu thoát khí từ chất liệu màng đáy thoát khí đặc biệt giúp bé yêu cảm thấy luôn dễ chịu, thoải mái. Cha mẹ có thể xóa tan nỗi lo nóng ẩm và hầm hơi do nước tiểu và mồ hôi cũng như kích ứng da do các tác nhân gây hại.. Siêu thấm hút: thiết kế chống tràn khóa chặt chất lỏng đến 6-8 tiếng và không vón cục. Các hạt thấm hút kép cùng với bề mặt tiếp xúc điểm xốp mịn tạo ra những khoảng trống giúp thấm chất lỏng cực nhanh và không bị lan ra khắp bề mặt tã.. Siêu linh hoạt: thiết kế vừa vặn với cơ thể bé với vách chống tràn co dãn và phần eo mềm mại ôm khít, thiết kế phần đáy hình chữ ""W"" không gây cảm giác vướng víu và linh hoạt theo từng chuyển động của bé.. Vạch báo thời gian thay tã thông minh: thay đổi sang màu xanh lá đậm sẽ giúp bố mẹ dễ dàng nhận biết thời điểm cần thiết để thay tã cho bé.Hướng dẫn sử dụng﻿﻿﻿",Merries Nhật,Không xác định,1400062039,False,2014-05-14 10:07:19.973,2025-09-27 00:05:36.233000,2.0,2025-07-18 17:59:29.898256,,Không xác định,Không xác định,Không xác định,Không xác định,82205.0000,,Không xác định,Không xác định,"Nhật Bản, Nhật Bản",Không xác định,"Giấy, bột giấy, vải không dệt, hạt thấm hút, màng polyolefin, cao su tự nhiên, polyurethane, keo dính.",0,Không xác định
83294,0804016510001,59000.0000,3292,Thời trang,3958,Cơ cấu hàng cũ,7007,"Thời trang bé trai, bé gái cũ",6989,Bodysuit,Không xác định,CF (ConCung Fashion),Không xác định,1551711185,False,2019-03-04 14:53:05.563,2025-08-18 09:59:19.847000,2.0,2025-07-18 17:59:29.898256,,Không xác định,Bé Gái,Từ 2Y,Áo,0.0000,,Không xác định,Không xác định,Không xác định,Không xác định,Không xác định,0,Không xác định
46126,0020010000097,401000.0000,2222,Tã,2272,Merries,2275,Merries,2277,Merries_Tã dán M-XXL,"﻿﻿﻿Tã dán Merries size XL 44 miếng là sản phẩm dành cho bé từ 12-20kg đến từ thương hiệu uy tín Merries của Nhật Bản. Ra đời với công nghệ ""4 siêu"" - siêu mềm mại, siêu thông thoáng, siêu thấm hút, siêu linh hoạt, tã dán Merries trở thành ""người bạn"" của hàng ngàn em bé trên toàn thế giới.﻿Ưu điểm nổi bật. Siêu mềm mại: được làm từ bông siêu mỏng và các hạt thấm hút nhanh, có bề mặt mềm mại, xốp mịn, tiếp xúc nhẹ nhàng, không gây hằn đỏ trên da bé.. Siêu thông thoáng: dựa vào công nghệ siêu thoát khí từ chất liệu màng đáy thoát khí đặc biệt giúp bé yêu cảm thấy luôn dễ chịu, thoải mái. Cha mẹ có thể xóa tan nỗi lo nóng ẩm và hầm hơi do nước tiểu và mồ hôi cũng như kích ứng da do các tác nhân gây hại.. Siêu thấm hút: thiết kế chống tràn khóa chặt chất lỏng đến 6-8 tiếng và không vón cục. Các hạt thấm hút kép cùng với bề mặt tiếp xúc điểm xốp mịn tạo ra những khoảng trống giúp thấm chất lỏng cực nhanh và không bị lan ra khắp bề mặt tã.. Siêu linh hoạt: thiết kế vừa vặn với cơ thể bé với vách chống tràn co dãn và phần eo mềm mại ôm khít, thiết kế phần đáy hình chữ ""W"" không gây cảm giác vướng víu và linh hoạt theo từng chuyển động của bé.. Vạch báo thời gian thay tã thông minh: thay đổi sang màu xanh lá đậm sẽ giúp bố mẹ dễ dàng nhận biết thời điểm cần thiết để thay tã cho bé.Hướng dẫn sử dụng﻿﻿",Merries Nhật,Không xác định,1400062040,False,2014-05-14 10:07:20.153,2025-09-27 00:05:36.233000,2.0,2025-07-18 17:59:29.898256,,Không xác định,Không xác định,Không xác định,Không xác định,83007.0000,,Không xác định,Không xác định,"Nhật Bản, Nhật Bản",Không xác định,"Giấy, bột giấy, vải không dệt, hạt thấm hút, màng polyolefin, cao su tự nhiên, polyurethane, keo dính",0,Không xác định
87545,2074000000004,195000.0000,351,Đồ chơi & Sách,2031,1Y+,2068,Vận động trong nhà,2131,Bóng/lều bóng,Không xác định,Mesuca,Không xác định,1569607000,False,2019-09-27 17:56:40.200,2025-09-30 12:05:22.090000,2.0,2025-07-18 17:59:29.898256,,Không xác định,Không xác định,Không xác định,"Bóng, banh nhà banh",29445.0000,,Không xác định,Không xác định,Không xác định,Không xác định,Không xác định,0,"Chi tiết sản phẩm                     Tên sản phẩm: Bỉm tã quần Moony size L 44 miếng         Loại sản phẩm: tã quần         Đối tượng sử dụng: trẻ 9-14kg         Thương hiệu: Moony         Nguồn gốc: đến từ Nhật Bản         Điểm nổi bật: Thiết kế linh hoạt, giúp bé thoải mái vận động.                       Bỉm tã quần Moony size L 44 miếng là tã quần dành cho trẻ 9-14kg của thương hiệu Moony đến từ Nhật Bản. Thiết kế linh hoạt, giúp bé thoải mái vận động.                              Bỉm tã quần Moony + Thiết kế mềm mại + Giúp bé thoải mái di chuyển                  Bỉm tã quần Moony size L được thiết kế với chất liệu mềm mại, giúp giảm thiểu kích ứng cho làn da nhạy cảm của trẻ, đảm bảo bé cảm thấy thoải mái trong suốt cả ngày.            Bỉm tã quần Moony + Hệ thống thấm hút tốt + Giúp hạn chế tràn khi bé vận động            Được trang bị công nghệ thấm hút vượt trội, bỉm tã quần Moony giúp giữ cho làn da bé luôn khô thoáng, tránh hiện tượng tràn bỉm khi bé chạy nhảy vui chơi.               Hướng dẫn chọn size      Để chọn được size bỉm phù hợp cho bé, bạn cần căn cứ vào cân nặng của trẻ. Size L phù hợp cho trẻ có cân nặng từ 9-14kg.               Hướng dẫn sử dụng               Mở bỉm tã quần Moony và đặt bé nằm xuống.         Kéo bỉm lên và điều chỉnh sao cho vừa vặn với cơ thể bé.         Kiểm tra độ thấm hút sau khi bé sử dụng để thay bỉm kịp thời.                     Hướng dẫn bảo quản               Để bỉm ở nơi khô ráo, thoáng mát, tránh ánh nắng trực tiếp.         Không sử dụng bỉm đã hết hạn sử dụng hoặc có dấu hiệu hư hỏng.                     Lưu ý               Luôn kiểm tra tình trạng bỉm trước khi sử dụng cho bé.         Điều chỉnh độ dán của bỉm sao cho không quá chặt hoặc quá lỏng.                     Thành phần               Vải không dệt         Chất thấm hút         Chất liệu chống thấm nước         Các hạt gel thấm hút         Chất kháng khuẩn"
88347,2199000000002,115000.0000,351,Đồ chơi & Sách,2038,Sách & VPP,2187,Dụng cụ học tập,2190,Bút tô màu,"Bút sáp màu crayon 6 cây MD4065 là sản phẩm hỗ trợ bố mẹ dạy vẽ, dạy tô màu cho bé, tập cho bé học những hình ảnh và đồ vật với màu sắc sinh động, giúp cho bé khám phá thế giới xung quanh, phát huy tính sáng tạo và tập nhận biết các đồ vật. Bút sáp màu crayon 6 cây MD4065 được thiết kế với màu sắc tươi sáng, mịn. Cây sáp được thiết kế như 1 cây bút viết, thân nhựa. Lõi sáp bên trong được đẩy ra bằng cơ cấu vặn xoắn. Ngoài ra sản phẩm hoàn toàn không độc hại, an toàn cho bé, không dính tay khi vẽ, ít gãy, tiết kiệm hơn. Đặc điểm sản phẩm: - Chất lượng cao, giúp nét vẻ tinh tế mượt mà - Có thể vể trên nhiều loại giấy khác nhau - Không dễ gãy và không làm bẩn tay bé Hướng dẫn sử dụng: Xoay bút màu sau đó vẽ trên vật liệu vẽ Thành phần: Nhựa Resin, dầu nhờn, nước ion hóa, thuốc màu Thông tin sản phẩm: Tên sản phẩm: Bút sáp màu crayon 6 cây MD4065 Thương hiệu: Mideer Xuất xứ: Trung Quốc Nhà Sản Xuất: NINGBO MIDEER TOYS CO LTD Số lượng: 6 cây/ hộp Cảnh báo! Không thích hợp cho trẻ dưới 3 tuổi. Có các chi tiết nhỏ.﻿",Điểm 10,Không xác định,1572863107,False,2019-11-04 10:25:07.087,2025-09-30 12:05:22.090000,2.0,2025-07-18 17:59:29.898256,,Không xác định,Không xác định,Không xác định,"Tô màu, tô tượng",34270.0000,,Không xác định,Không xác định,Không xác định,Không xác định,Không xác định,0,"Chi tiết sản phẩmTên sản phẩm: Bút sáp màu crayon 6 cây MD4065Thương hiệu: MideerXuất xứ: Trung QuốcNhà sản xuất: NINGBO MIDEER TOYS CO LTDSố lượng: 6 cây/hộpBút sáp màu crayon 6 cây MD4065 là sản phẩm đồ dùng dành cho trẻ em của thương hiệu Mideer đến từ Trung Quốc. Sản phẩm hỗ trợ bố mẹ trong việc dạy vẽ và tô màu cho bé, giúp bé phát triển khả năng nhận biết đồ vật qua màu sắc sinh động, đồng thời khơi dậy sự sáng tạo và khám phá thế giới xung quanh một cách tự nhiên.Bút sáp màu crayon 6 cây MD4065 chất lượng cao, nét vẽ mượt mà giúp bé tô màu tinh tếBút sáp màu crayon 6 cây MD4065 sở hữu màu sắc tươi sáng, mịn màng giúp nét vẽ trở nên tinh tế và mượt mà. Sản phẩm có thể sử dụng trên nhiều loại giấy khác nhau, phù hợp cho các bé thỏa sức sáng tạo và phát triển kỹ năng tô màu đa dạng. Thân bút được thiết kế dạng bút viết với cơ cấu vặn xoắn dễ dàng đẩy lõi sáp ra ngoài, giúp bé cầm nắm thuận tiện và tập tô màu chuẩn xác.Bút sáp màu an toàn cho bé, không độc hại và tiết kiệm sử dụngSản phẩm được làm từ các nguyên liệu an toàn, không chứa độc hại, tuyệt đối an toàn cho sức khỏe của bé trong quá trình sử dụng. Ngoài ra, bút sáp màu không làm dính tay bé khi vẽ, lõi sáp ít gãy, giúp tiết kiệm và sử dụng lâu dài. Đây là một lựa chọn lý tưởng giúp bố mẹ yên tâm khi cho bé sáng tạo với màu sắc mà không lo ngại về an toàn.Hướng dẫn sử dụngXoay phần vặn của bút để đẩy lõi sáp ra ngoài để chuẩn bị tô màu.Dùng bút sáp tô màu trực tiếp lên các bề mặt giấy hoặc vật liệu vẽ phù hợp.Sau khi sử dụng, vặn phần lõi sáp vào lại thân bút để bảo quản và tránh gãy.Hướng dẫn bảo quảnBảo quản bút nơi khô ráo, tránh ánh nắng trực tiếp và môi trường ẩm ướt.Đậy nắp hoặc vặn chặt phần lõi sáp sau khi sử dụng để tránh bị gãy hoặc hư hại.Không để gần nguồn nhiệt cao hoặc lửa để đảm bảo an toàn cho bé và sản phẩm.Lưu ýSản phẩm không thích hợp cho trẻ dưới 3 tuổi do chứa các chi tiết nhỏ có thể gây nguy hiểm khi sử dụng.Giám sát bé trong quá trình sử dụng để đảm bảo an toàn và sử dụng đúng mục đích.Thành phầnNhựa ResinDầu nhờnNước ion hóaThuốc màu"
52048,0008170000052,65000.0000,351,Đồ chơi & Sách,2033,0-1Y,5840,Phát triển giác quan,4277,Bóng mềm,Không xác định,Winnie (Đài Loan),Không xác định,1417470464,False,2014-12-01 21:47:44.503,2025-08-18 09:59:19.847000,2.0,2025-07-18 17:59:29.898256,,Không xác định,Không xác định,Không xác định,Không xác định,26286.0000,,Không xác định,Không xác định,Không xác định,Không xác định,Không xác định,0,"Chi tiết sản phẩm                     Tên sản phẩm: Bỉm tã quần Moony size L 44 miếng         Loại sản phẩm: tã quần         Đối tượng sử dụng: bé 9-14kg         Thương hiệu: Moony         Nguồn gốc: đến từ Nhật Bản         Điểm nổi bật: siêu thấm hút và thoáng khí                        Bỉm tã quần Moony size L 44 miếng là tã quần dành cho bé 9-14kg của thương hiệu Moony đến từ Nhật Bản. Siêu thấm hút và thoáng khí.                        Bỉm tã quần Moony + siêu thấm hút + giúp bé khô ráo thoải mái cả đêm            Bỉm tã quần Moony với khả năng thấm hút gấp 2 lần, giúp giữ cho làn da của bé luôn khô thoáng, tránh được tình trạng hăm da hay kích ứng.               Bỉm tã quần Moony + thoáng khí + ngăn mùi hiệu quả            Thiết kế độc đáo giúp bỉm luôn thoáng khí, ngăn ngừa mùi hôi, mang lại cảm giác dễ chịu cho bé trong suốt cả ngày dài.                  Hướng dẫn chọn size                Size L: Dành cho bé từ 9-14kg.                        Hướng dẫn sử dụng               Mở bỉm và kéo phần bề mặt dán vào bên trong.         Quấn bỉm quanh vòng hông bé sao cho ôm sát.         Kiểm tra độ vừa vặn để đảm bảo bỉm không quá chật hoặc quá lỏng.         Thay bỉm ngay khi bé đi vệ sinh để tránh hăm da.                        Hướng dẫn bảo quản               Để sản phẩm ở nơi khô ráo, thoáng mát.         Tránh ánh nắng trực tiếp và môi trường ẩm ướt.         Đóng chặt bao bì sau khi sử dụng.                        Lưu ý               Không sử dụng sản phẩm đã hết hạn sử dụng.         Nên thay bỉm thường xuyên để đảm bảo sức khỏe cho bé.         Tham khảo ý kiến bác sĩ nếu bé có dấu hiệu kích ứng da.                        Thành phần               Polymer thấm hút         Vải không dệt         Chất chống dị ứng         Liệu trình khử mùi         Sợi bông mềm mại"
63085,0020010000438,529000.0000,2357,Sữa,2538,Meiji,2539,Meiji,2541,Meiji Step 1,"﻿﻿﻿﻿﻿﻿Sữa Meiji Infant Formula 800g (0-12 tháng) là sữa bột công thức được nhập khẩu chính hãng từ Nhật Bản. Sản phẩm dành cho trẻ sơ sinh từ 0 - 12 tháng tuổi. Ưu điểm nổi bật. Tập trung phát triển não bộ: Việc bổ sung DHA (100mg/100g) và ARA (100mg/100g) cùng sự hỗ trợ của Taurine, Choline, Acid folic, vi chất sắt, kẽm,... giúp não bộ của trẻ phát triển một cách tốt nhất ngay từ giai đoạn sơ sinh;. Hỗ trợ tiêu hóa và hấp thu: FOS có trong sản phẩm Meiji là chất xơ hòa tan giúp tăng lợi khuẩn đường ruột Bifidus từ đó cải thiện tình trạng tiêu hóa của trẻ. Chất đạm khó tiêu β-lactoglobulin được phân giải một cách có chọn lọc thành trạng thái dễ tiêu hóa; . Tăng cường sức đề kháng: Việc bổ sung 5 loại Nucleotides có trong sữa mẹ (Disodium 5'-cytidylate, Disodium 5'-uridylate, Disodium 5'-inosinate, Disodium 5'-guanylate, 5'-Adenylic acid) cộng thêm vitamin C, vitamin E giúp bé phòng chống những bệnh dễ gặp phải trong giai đoạn mới chào đời. Bên cạnh đó, Meiji Infant Formula còn được bổ sung lactadherin nhằm phòng ngừa nhiễm trùng đường ruột do virus gây ra; Tỷ lệ pha gợi ýThành phần Lactose, chất béo tổng hợp (mỡ heo, dầu đậu nành, dầu dừa, dầu cá tinh luyện, axit arachidonic, cholesterol), đạm whey cô đặc, canxi caseinat, đạm whey khử khoáng cô đặc, fructooligosaccharides, bột buttermilk, bột sữa tách béo, canxi photphat, magie clorua, canxi cacbonat, kali clorua, kali cacbonat, vitamin C, inositol, natri clorua, taurine, ferric pyrophotphat, canxi clorua, vitamin E, kẽm sunfat, disodium 5'-guanylate, 5'-adenylic acid, đồng sunfat, vitamin A, vitamin B1, vitamin B2, vitamin B6, β-Carotene, axit folic, mangan sunfat, kali iotua, vitamin K1, biotin, vitamin D3, natri selenit, vitamin B12.﻿﻿﻿",Meiji Nhập khẩu,Không xác định,1470329120,False,2016-08-04 16:45:20.000,2025-09-27 00:05:00.627000,2.0,2025-07-18 17:59:29.898256,,Không xác định,Không xác định,Không xác định,Không xác định,111090.0000,,Không xác định,Không xác định,"Nhật Bản, Nhật Bản",Không xác định,Không xác định,1,Không xác định
53203,0015020000097,59000.0000,351,Đồ chơi & Sách,2038,Sách & VPP,2183,Sách,2186,Sách nuôi dạy con,Không xác định,NXB Dân Trí,Không xác định,1419933715,False,2014-12-30 10:01:55.077,2025-08-18 09:59:19.847000,2.0,2025-07-18 17:59:29.898256,,Không xác định,Không xác định,Không xác định,Không xác định,0.0000,,Không xác định,Không xác định,Không xác định,Không xác định,Không xác định,0,"Chi tiết sản phẩm                     Tên sản phẩm: Sách Bước Đột Phá Trong Việc Nuôi Dạy Con         Loại sản phẩm: Sách         Đối tượng sử dụng: Bố mẹ, phụ huynh         Thương hiệu & nguồn gốc: của thương hiệu FAHASA, xuất bản tại Việt Nam         Điểm nổi bật: Đưa ra kế hoạch nuôi dưỡng tính độc lập cho trẻ.                        Sách Bước Đột Phá Trong Việc Nuôi Dạy Con là sách dành cho bố mẹ, phụ huynh của thương hiệu FAHASA, xuất bản tại Việt Nam. Điểm nổi bật chính là đưa ra kế hoạch nuôi dưỡng tính độc lập cho trẻ.                     Bước Đột Phá + Tinh thần độc lập + Giúp trẻ biết tự lập và tự chăm sóc chính mình.           Cuốn sách truyền tải thông điệp quan trọng về việc nuôi dạy con, mà chủ yếu tập trung vào việc rũ bỏ những mặc cảm tội lỗi của cha mẹ, nhằm giúp trẻ phát triển tính độc lập. Điều này là cực kỳ quan trọng để trẻ có thể lớn lên trở thành những người tự lập, không ỷ lại vào người khác.            Thực hành nuôi dạy + Xây dựng kỷ luật và hành vi + Hướng dẫn cụ thể cho phụ huynh.           Cuốn sách không chỉ đề cập đến các vấn đề kỷ luật mà còn trình bày các phương pháp cụ thể giúp cha mẹ nuôi dạy con đúng cách. Những thứ mà đứa trẻ cần phải tự học tự thực hiện để trưởng thành.            Giao tiếp hiệu quả + Giúp trẻ hiểu rõ bản thân + Xây dựng một tương lai tốt đẹp hơn.            Nhấn mạnh tầm quan trọng của việc giao tiếp hiệu quả giữa cha mẹ và trẻ, cuốn sách khuyến khích các bậc phụ huynh tạo ra môi trường thân thiện, từ đó trẻ cảm thấy thoải mái và dễ dàng bày tỏ cảm xúc, suy nghĩ của mình.               Lưu ý               Đọc sách để hiểu thêm về cách nuôi dạy con trẻ.         Cần áp dụng linh hoạt các phương pháp theo từng độ tuổi và tính cách của trẻ.         Kiên nhẫn trong quá trình giáo dục và luôn tạo cơ hội cho trẻ thể hiện.                     Thành phần               Nội dung sâu sắc         Các phương pháp giáo dục         Các tình huống thực tế         Chiến lược nuôi dạy con         Gợi ý và lời khuyên thực tế"
86533,0870104790002,49000.0000,3292,Thời trang,3958,Cơ cấu hàng cũ,7007,"Thời trang bé trai, bé gái cũ",6986,Áo khoác,Không xác định,CF (ConCung Fashion),Không xác định,1565084692,False,2019-08-06 09:44:52.283,2025-08-18 09:59:19.847000,2.0,2025-07-18 17:59:29.898256,,Không xác định,Bé Gái,Từ 6Y,Áo,19502.0000,,Không xác định,Không xác định,Không xác định,Không xác định,Không xác định,0,Không xác định
86541,0898285780002,59000.0000,3292,Thời trang,3958,Cơ cấu hàng cũ,7007,"Thời trang bé trai, bé gái cũ",6993,Áo bé trai,Không xác định,CF (ConCung Fashion),Không xác định,1565085297,False,2019-08-06 09:54:57.707,2025-08-18 09:59:19.847000,2.0,2025-07-18 17:59:29.898256,,Không xác định,Bé Trai,Từ 5Y,Áo,0.0000,,Không xác định,Không xác định,Không xác định,Không xác định,Không xác định,0,Không xác định
63087,0020010000440,465000.0000,2357,Sữa,2538,Meiji,2539,Meiji,2542,Meiji Step 3,"﻿Sữa Meiji Growing up Formula 800g (12-36 tháng) thuộc thương hiệu Meiji nổi tiếng hàng đầu Nhật Bản, cung cấp các vitamin cần thiết cho cơ thể bé yêu phát triển khoẻ mạnh. Ưu điểm nổi bật. Dinh dưỡng nổi bật: DHA, Iron (sắt), FOS, Lactadherin, 5 Nucleotides. Hỗ trợ phát triển não bộSản phẩm Meiji Growing Up Formula (1-3 tuổi): đặc biệt bổ sung DHA, các vi chất như sắt, kẽm, acid folic và hệ cân bằng Omega 3, 6 tốt cho sự phát triển não bộ của trẻ trong giai đoạn từ 1 đến 3 tuổi - giai đoạn trẻ bắt đầu học hỏi, khám phá và tiếp thu những điều xung quanh.. Giúp hệ tiêu hóa khỏe mạnhFOS có trong sữa bột Meiji là chất xơ hòa tan giúp tăng lợi khuẩn đường ruột Bifidus nhằm cải thiện tình trạng tiêu hóa của trẻ, giúp trẻ có một hệ tiêu hóa khỏe mạnh, hấp thu dinh dưỡng một cách tối đa, khiến trẻ ăn ngon miệng hơn, tăng cân đều đặn.. Tăng cường sức đề kháng Việc bổ sung 5 loại Nucleotides có trong sữa mẹ (Disodium 5'-cytidylate, Disodium 5'-uridylate, Disodium 5'-inosinate, Disodium 5'-guanylate, 5'-Adenylic acid) cộng thêm vitamin C, vitamin E giúp bé phòng chống những bệnh dễ gặp phải trong giai đoạn này. Bên cạnh đó, Meiji Growing up Formula còn được bổ sung lactadherin nhằm phòng ngừa nhiễm trùng đường ruột do virus gây ra. Hướng dẫn pha sữa Hướng dẫn bảo quản ﻿﻿﻿﻿",Meiji Nhập khẩu,Meiji,1470329378,False,2016-08-04 16:49:38.053,2025-09-27 00:05:00.627000,2.0,2025-07-18 17:59:29.898256,,Không xác định,Không xác định,Không xác định,Không xác định,87885.0000,,Không xác định,Không xác định,"Nhật Bản, Nhật Bản",Không xác định,Không xác định,1,Không xác định
64140,0007030000237,109000.0000,1,Babycare,62,Đồ dùng ăn uống,63,Dụng cụ ăn uống,5915,Dụng cụ ăn uống Ami,"Túi ăn chống hóc, silicone Ami 55102/1 dùng cho trẻ ăn dặm trái cây hay các loại rau củ khác. Sản phẩm đáp ứng tiêu chuẩn an toàn EN14350, 14372 (Châu Âu), FDA (Mỹ), không chứa BPA. Hướng dẫn sử dụng Nghiền nhỏ trái cây, rau củ hấp chín, bỏ vô túi silicone. Trẻ tập nhai, mút nước qua lưới, phần xác giữ lại bên trong, tránh trẻ khỏi bị hóc. Phù hợp cho trẻ từ 6 tháng tuổi trở lên. Nắp đậy giữ vệ sinh khi bé chưa dùng hết và lưu trữ trong tủ lạnh. Dễ dàng tháo rời túi silicone và vệ sinh.Lưu ý: Tránh xa nguồn nhiệt. Vệ sinh bằng nước ấm sau mỗi lần sử dụng. Không khử trùng bằng nước sôi, không dùng trong lò vi sóng, máy rửa chén. Nên cho trẻ dùng trong tầm kiểm soát của người lớn. Kiểm tra nắp xoay khít với miệng trước khi dùng. Sản phẩm không phải là đồ chơi. Thông tin chi tiết Tên sản phẩm: Túi ăn chống hóc, silicone Ami 55102/1 Thương hiệu: Ami Xuất xứ: Thái Lan Chất liệu: Nhựa an toàn, siliconeKích cỡ: 6x6.5x13 cm Đối tượng sử dụng: Bé trên 6 tháng tuổi",Ami,Không xác định,1474573312,False,2016-09-22 19:41:52.507,2025-09-27 00:05:36.233000,2.0,2025-07-18 17:59:29.898256,,Không xác định,Không xác định,Không xác định,Bình tập bé ăn,46325.0000,,Xanh,Không xác định,Không xác định,Không xác định,Không xác định,0,"Chi tiết sản phẩm                     Tên sản phẩm: Túi ăn chống hóc, silicone Ami 55102/1         Thương hiệu: Ami         Xuất xứ: Thái Lan         Chất liệu: Nhựa an toàn, silicone         Kích cỡ: 6x6.5x13 cm         Đối tượng sử dụng: Bé trên 6 tháng tuổi                     **Túi ăn chống hóc, silicone Ami 55102/1** là đồ dùng dành cho bé trên 6 tháng tuổi của thương hiệu Ami đến từ Thái Lan. Sản phẩm giúp bé tự tin trải nghiệm các loại trái cây và rau củ mà không lo bị hóc cổ.                     Chất liệu silicone an toàn cho bé           **Túi ăn chống hóc, silicone Ami 55102/1** được làm từ silicone an toàn, không chứa BPA, giúp bảo vệ sức khỏe của trẻ nhỏ trong mỗi bữa ăn dặm.               Bảo vệ bé khỏi nguy cơ hóc           Sản phẩm thiết kế đặc biệt cho phép bé tập nhai và mút nước tự nhiên từ trái cây hay rau củ, giúp tránh tình trạng hóc cho trẻ.            Dễ dàng vệ sinh và bảo quản           Túi silicone dễ dàng tháo rời để vệ sinh, giữ cho sản phẩm luôn sạch sẽ và an toàn cho bé sau mỗi lần sử dụng.               Hướng dẫn sử dụng               Nghiền nhỏ trái cây, rau củ hấp chín, bỏ vô túi silicone.         Trẻ tập nhai, mút nước qua lưới, phần xác giữ lại bên trong, tránh trẻ khỏi bị hóc.         Phù hợp cho trẻ từ 6 tháng tuổi trở lên. Nắp đậy giữ vệ sinh khi bé chưa dùng hết và lưu trữ trong tủ lạnh.         Dễ dàng tháo rời túi silicone và vệ sinh.                     Hướng dẫn bảo quản               Tránh xa nguồn nhiệt.         Vệ sinh bằng nước ấm sau mỗi lần sử dụng.         Không khử trùng bằng nước sôi, không dùng trong lò vi sóng, máy rửa chén.         Nên cho trẻ dùng trong tầm kiểm soát của người lớn.         Kiểm tra nắp xoay khít với miệng trước khi dùng.         Sản phẩm không phải là đồ chơi.                     Lưu ý               Tránh xa nguồn nhiệt.         Vệ sinh bằng nước ấm sau mỗi lần sử dụng.         Không khử trùng bằng nước sôi, không dùng trong lò vi sóng, máy rửa chén.         Nên cho trẻ dùng trong tầm kiểm soát của người lớn.         Kiểm tra nắp xoay khít với miệng trước khi dùng.         Sản phẩm không phải là đồ chơi.                     Thành phần               Nhựa an toàn         Silicone"
64173,0020010000492,219000.0000,2357,Sữa,2547,Wakodo,2548,Wakodo,2549,Wakodo Mom,"﻿WAKODO MOM là dòng sản phẩm cao cấp dành cho mẹ mang thai và cho con bú, giúp xây dựng nền tảng bền vững cho con ngay từ trong bụng mẹ. Được sản xuất và nhập khẩu nguyên lon từ Nhật Bản, WAKODO MOM là giải pháp tối ưu do các chuyên gia dinh dưỡng, chăm sóc trẻ em nghiên cứu và xây dựng công thức phù hợp.Ưu điểm nổi bật. Dinh dưỡng cao cấp được các chuyên gia khuyên dùng;. ﻿Hỗ trợ hệ tiêu hóa khỏe mạnh: Sữa chứa chất xơ GOS giúp thúc đẩy sự phát triển của vi khuẩn có lợi trong đường ruột. Từ đó giúp cải thiện hệ tiêu hóa và làm mềm phân;. Hỗ trợ phát triển não bộ và thị giác: Sữa cung cấp DHA nhằm hỗ trợ phát triển não bộ và thị giác;. Hỗ trợ thai kỳ khỏe mạnh: Axit folic: hỗ trợ hình thành các tế bào hồng cầu, giúp thai nhi phát triển khỏe mạnh;Sắt: tạo ra tế bào hồng cầu;Canxi: hỗ trợ hình thành, phát triển xương và răng;. Hỗ trợ tăng cường sức đề kháng: Sữa chứa các Vitamin A, C và E giúp tăng cường sức đề kháng khỏe mạnh.Lưu ý. Sử dụng 2 – 3 ly mỗi ngày để đáp ứng nhu cầu dinh dưỡng gia tăng trong giai đoạn mang thai và cho con bú.. Tùy chỉnh lượng uống và số lần uống theo chế độ dinh dưỡng của bạn.. Sử dụng sản phẩm như một phần của chế độ dinh dưỡng hợp lý.Thành phầnSi rô glucose, Sữa bột tách béo, Hỗn hợp dầu thực vật (dầu cọ, dầu hạt cọ, dầu đậu nành), Lactose, Chất xơ (galacto-oligosaccharides (GOS)), Calci carbonat, Dikali phosphat, Dinatri phosphat, Acid docosahexaenoic (DHA) từ dầu cá, Chất nhũ hoá (lecithin đậu nành INS 322(i), Natri ascorbat, Magnesi clorid, Sắt diphosphat, Chất chống oxy hoá (ascorbyl palmitat INS 304, Hỗn hợp tocopherol tự nhiên INS 307b), Kẽm sulphat, D-alpha-tocopherol, Nicotinamid, Calci pantothenat, Pyridoxin hydroclorid, Retinyl palmitat, Thiamin hydroclorid, Acid Folic, Riboflavin, Kali iodid, Natri selenit, Phylloquinon, D-biotin, Cholecalciferol, Cyanocobalamin. ﻿﻿﻿",Wakodo,"Asahi Group Foods, Ltd",1474877734,False,2016-09-26 08:15:34.100,2025-09-27 00:05:36.233000,2.0,2025-07-18 17:59:29.898256,,Không xác định,Không xác định,Không xác định,Sữa bầu,115194.0000,,Không xác định,Không xác định,"Nhật Bản, Nhật Bản",Không xác định,Không xác định,0,Không xác định
139101,6034000000117,149000.0000,3292,Thời trang,4561,Thời trang bé trai,4574,Quần bé trai,3459,Quần dài bé trai,Không xác định,Animo,Không xác định,1722949581,False,2024-08-06 13:06:21.903,2025-09-30 12:05:22.090000,2.0,2025-07-18 17:59:29.898256,,Không xác định,Không xác định,Không xác định,Không xác định,0.0000,,Không xác định,Không xác định,Không xác định,Không xác định,Không xác định,0,Không xác định
87121,0895104750004,49000.0000,3292,Thời trang,3958,Cơ cấu hàng cũ,7007,"Thời trang bé trai, bé gái cũ",6993,Áo bé trai,Không xác định,CF (ConCung Fashion),Không xác định,1568312111,False,2019-09-12 18:15:11.207,2025-08-18 09:59:19.847000,2.0,2025-07-18 17:59:29.898256,,Không xác định,Bé Trai,Không xác định,Áo,3871.0000,,Không xác định,Không xác định,Không xác định,Không xác định,Không xác định,0,Không xác định
87221,0850016140001,49000.0000,3292,Thời trang,3958,Cơ cấu hàng cũ,7007,"Thời trang bé trai, bé gái cũ",6989,Bodysuit cũ,Không xác định,CF (ConCung Fashion),Không xác định,1568734839,False,2019-09-17 15:40:39.903,2025-08-18 09:59:19.847000,2.0,2025-07-18 17:59:29.898256,,Không xác định,Bé Trai,Không xác định,Bodysuit,0.0000,,Không xác định,9 tháng,Không xác định,Không xác định,Không xác định,0,Không xác định
44977,0020010000083,89000.0000,2222,Tã,2257,Huggies,2262,Huggies Thường,2263,Huggies Thường_Sơ Sinh,"Miếng lót Huggies size Newborn 1 56 miếng (dưới 5kg) là một sản phẩm rất hữu ích cho các bé sơ sinh.Ưu điểm nổi bật. Bề mặt 1000 phễu siêu thấm: Giúp thấm hút nhanh thần tốc, ngay cả phân lỏng, giữ mông bé luôn khô thoáng;. Bề mặt tã Soft Touch êm mềm: Chất liệu siêu mềm mại từ trong ra ngoài giúp nâng niu làn da non nớt của bé;. Hàng ngàn hạt Smart Lock: Chủ động thấm hút và khóa chặt chất lỏng sâu bên trong giúp chống tràn và thấm ngược trở lại;. Chiết xuất lô hội và Vitamin E: Cho bề mặt tã luôn mềm mại, dịu êm với làn da nhạy cảm của bé;. Hàng ngàn hạt Smart Lock: Cho phép không khí lưu thông và thoát khỏi màng đáy dễ dàng, giúp da bé luôn khô thoáng và ngăn ngừa hăm tã hiệu quả.﻿Hướng dẫn sử dụng1. Dán miếng lót dọc theo tã vải hoặc quần tã.2. Luồn tã dưới mông bé, kéo thẳng ngay ngắn, dán miếng dán lần lượt từng bên.3. Kiểm tra tã vừa vặn với người bé.Lưu ý: Nên bôi kem chống hăm tã trước khi mặc tã cho con. Không nên mặc tã cho bé quá 6 tiếng đồng hồ liên tiếp.﻿",Huggies Dry,Không xác định,1397138893,False,2014-04-10 14:08:13.687,2025-09-27 00:05:36.233000,2.0,2025-07-18 17:59:29.898256,,Không xác định,Không xác định,Không xác định,Không xác định,9345.0000,,Không xác định,Không xác định,Việt Nam,Không xác định,Không xác định,0,Không xác định
64755,0009290000249,169000.0000,351,Đồ chơi & Sách,2031,1Y+,2039,Phương tiện giao thông,2041,Xe điều khiển,"Thông tin sản phẩm - Tên sản phẩm: Xe đua đk 318-1D VIET NAM - Thương hiệu: Long Thủy - Chất liệu: Nhựa + phụ kiện kim loại - Dùng pin AA 1.5V - Kích thước:25x12(cm) - Xuất xứ: Việt Nam Hướng dẫn bảo quản Bảo quản nơi khô ráo, sạch sẽ, có thể lau chùi Chú ý Không dùng cho trẻ em dưới 3 tuổi Tránh tiếp xúc trực tiếp với lửa",Long Thủy,Không xác định,1476390206,False,2016-10-13 20:23:26.000,2025-09-27 00:05:36.233000,2.0,2025-07-18 17:59:29.898256,,Không xác định,Không xác định,Không xác định,Không xác định,0.0000,,Không xác định,Không xác định,Không xác định,Không xác định,Không xác định,0,"Chi tiết sản phẩm                     Tên sản phẩm: Xe đua đk 318-1D VIET NAM         Thương hiệu: Long Thủy         Chất liệu: Nhựa + phụ kiện kim loại         Dùng pin: AA 1.5V         Kích thước: 25x12(cm)         Xuất xứ: Việt Nam                        Xe đua đk 318-1D VIET NAM là xe đồ chơi dành cho trẻ em của thương hiệu Long Thủy xuất xứ Việt Nam. Sản phẩm với thiết kế nổi bật và màu sắc bắt mắt chắc chắn sẽ thu hút sự chú ý của trẻ.                        Thiết kế năng động            Xe có thiết kế mạnh mẽ, màu sắc nổi bật, giúp trẻ không chỉ vui chơi mà còn phát triển khả năng sáng tạo và tưởng tượng.            Chất liệu an toàn            Sản phẩm được làm từ nhựa cao cấp và phụ kiện kim loại đảm bảo tính an toàn cho trẻ trong quá trình sử dụng.               Hướng dẫn sử dụng               Tháo viên pin ra khỏi gói sản phẩm trước khi sử dụng.         Đặt pin AA vào đúng chiều theo hướng dẫn.         Đưa trẻ sử dụng ở nơi thoáng đãng, rộng rãi.         Giám sát trẻ trong quá trình chơi để đảm bảo an toàn.                     Hướng dẫn bảo quản               Bảo quản nơi khô ráo, sạch sẽ.         Không nơi ẩm ướt có nguy cơ hư hỏng sản phẩm.         Có thể lau chùi bằng khăn ẩm để giữ sản phẩm luôn mới mẻ.                     Chú ý               Không dùng cho trẻ em dưới 3 tuổi.         Tránh tiếp xúc trực tiếp với lửa.                     Thành phần               Nhựa         Phụ kiện kim loại"
64784,0007080000415,350000.0000,1,Babycare,5967,Chăm sóc gia đình,5991,Chăm sóc gia đình ngừng bán,5992,Nhiệt kế ngừng bán,"Nhiệt kế hồng ngoại đa chức năng iMediCare iTM 8F là thiết bị giúp đo thân nhiệt bằng cảm biến hồng ngoại rất an toàn và không gây khó chịu cho các bé khi sử dụng. Nhiệt kế có màn hình kích thước lớn giúp hiển thị kết quả đo dễ dàng. ĐẶC ĐIỂM SẢN PHẨM Tích hợp 8 chức năng đo Nhiệt kế điện tử đa chức năng iMediCare iTM 8F được trang bị 8 chức năng đo nhiệt độ cơ thể bằng cách đo trán, đo tai, đo nhiệt độ của nước tắm hoặc sữa, đo nhiệt độ phòng và đo nhiệt độ đồ vật, chức năng đồng hồ và 3 màu hiển thị báo hiệu tình trạng sốt thông qua 3 màu sắc khác nhau. Độ chính xác cao Nhiệt kế hồng ngoại sử dụng công nghệ sensor hồng ngoại của Đức có độ chính xác cao với thời gian đo nhanh chỉ 2s cho dải đo từ 0 - 100 độ C. Ngoài ra, máy còn có chức năng tự động tắt sau 60 phút khi không sử dụng, giúp tiết kiệm điện năng một cách tối đa cho người dùng. THÔNG TIN SẢN PHẨM Tên sản phẩm: Nhiệt kế hồng ngoại đa chức năng Imedicare iTM-8F Thương hiệu: iMediCare (Singapore) Xuất xứ: Trung Quốc Bảo hành: 2 năm Sử dụng pin CR2032 - tuổi thọ pin 1000 lần đo",Imedicare,Không xác định,1476460935,False,2016-10-14 16:02:15.933,2025-09-27 00:05:36.233000,2.0,2025-07-18 17:59:29.898256,,Không xác định,Không xác định,Không xác định,Không xác định,0.0000,,Không xác định,Không xác định,Không xác định,Không xác định,Không xác định,0,"Chi tiết sản phẩm                    Tên sản phẩm: Nhiệt kế hồng ngoại đa chức năng iMediCare iTM-8F         Thương hiệu: iMediCare (Singapore)         Xuất xứ: Trung Quốc         Bảo hành: 2 năm         Pin: Sử dụng pin CR2032 - tuổi thọ pin 1000 lần đo                     Nhiệt kế hồng ngoại đa chức năng iMediCare iTM-8F là thiết bị đo thân nhiệt không cần tiếp xúc dành cho mọi đối tượng của thương hiệu iMediCare đến từ Singapore. Điểm nổi bật của sản phẩm là khả năng đo nhanh chóng và chính xác chỉ trong 2 giây mà không gây khó chịu cho người dùng.                     Tích hợp 8 chức năng đo - Tiện lợi hơn trong việc theo dõi sức khỏe            Nhiệt kế điện tử đa chức năng iMediCare iTM-8F có khả năng đo thân nhiệt cơ thể bằng cách đo trán, đo tai, và cả đo nhiệt độ của nước tắm hoặc sữa. Đồng thời, sản phẩm cũng có thể đo nhiệt độ phòng và nhiệt độ đồ vật, giúp cha mẹ theo dõi tình trạng sức khỏe của trẻ nhỏ một cách dễ dàng và nhanh chóng.            Độ chính xác cao - Đảm bảo kết quả đo an toàn      Nhiệt kế hồng ngoại sử dụng công nghệ sensor hồng ngoại của Đức với độ chính xác lên đến ± 0,1°C. Thời gian đo cực nhanh, chỉ mất 2 giây cho dải đo từ 0 - 100 độ C. Chức năng tự động tắt sau 60 phút hoạt động không sử dụng giúp tiết kiệm điện năng hiệu quả.            Cảnh báo sốt thông minh - Dễ dàng nhận biết tình trạng sức khỏe      Sản phẩm có chế độ báo sốt bằng âm thanh và ánh sáng, với 3 màu hiển thị tình trạng sốt (xanh cho bình thường, vàng cho sốt nhẹ, đỏ cho sốt cao). Điều này giúp cha mẹ dễ dàng theo dõi và có hướng xử lý kịp thời cho trẻ.               Hướng dẫn sử dụng               Đảm bảo nhiệt kế sạch sẽ trước khi sử dụng.         Bấm nút nguồn để bật máy.         Chọn chế độ đo phù hợp (đo trán, đo tai, đo vật thể).         Giữ khoảng cách 2-3cm để đo nhiệt độ.         Chờ khoảng 2 giây để nhận kết quả nhiệt độ hiển thị trên màn hình.         Nên vệ sinh đầu cảm biến sau khi sử dụng để đảm bảo độ chính xác cho lần đo tiếp theo.                     Hướng dẫn bảo quản               Bảo quản sản phẩm ở nơi khô ráo, thoáng mát.         Tránh để nhiệt kế ở nơi có nhiệt độ cao hoặc ẩm ướt.         Thay pin khi có thông báo pin yếu để đảm bảo độ chính xác.                     Lưu ý               Không nên đo nhiệt độ ngay sau khi bé vừa vận động mạnh hoặc vừa tắm nước nóng.         Để tránh sai số, nên kiểm tra nhiệt độ trong điều kiện môi trường ổn định.                     Thành phần               Sensor hồng ngoại         Màn hình LCD         Pin CR2032         Vỏ nhựa bảo vệ"
88363,2206000000016,175000.0000,351,Đồ chơi & Sách,2038,Sách & VPP,2187,Dụng cụ học tập,2192,Sản phẩm về giấy,Không xác định,Mideer,Không xác định,1572864781,False,2019-11-04 10:53:01.750,2025-09-30 12:05:22.090000,2.0,2025-07-18 17:59:29.898256,,Không xác định,Không xác định,Không xác định,Không xác định,102550.0000,,Không xác định,Không xác định,Không xác định,Không xác định,Không xác định,0,"Chi tiết sản phẩm                     Tên sản phẩm: Nhãn dán hình xăm chủ đề khu vườn sắc màu MD4042         Loại sản phẩm: Nhãn dán hình xăm tạm thời         Đối tượng sử dụng: trẻ em từ 3 tuổi trở lên         Thương hiệu: Mideer         Điểm nổi bật: An toàn cho da, dễ dàng sử dụng và tháo gỡ                     Nhãn dán hình xăm chủ đề khu vườn sắc màu MD4042 là nhãn dán hình xăm tạm thời dành cho trẻ em từ 3 tuổi trở lên của thương hiệu Mideer. Điểm nổi bật: An toàn cho da, dễ dàng sử dụng và tháo gỡ.                     Nhãn dán hình xăm an toàn            Nhãn dán hình xăm MD4042 được sản xuất từ chất liệu an toàn, không gây kích ứng cho làn da nhạy cảm của trẻ, giúp các bậc phụ huynh hoàn toàn yên tâm khi cho trẻ sử dụng.               Dễ dàng sử dụng và tháo gỡ            Với cách sử dụng đơn giản, chỉ cần bóc ra và dán lên da. Khi không còn muốn sử dụng, bạn có thể dễ dàng gỡ bỏ mà không lo lắng về việc để lại dấu vết hay gây hại cho da.               Hướng dẫn sử dụng               Chọn vị trí da sạch và khô để dán nhãn xăm.         Bóc nhãn dán ra khỏi giấy bảo vệ.         Đặt nhãn dán lên vị trí cần dán và giữ chặt vài giây.         Để bỏ nhãn dán, hãy từ từ lột ra từ một góc.                     Hướng dẫn bảo quản               Bảo quản nơi khô ráo, tránh ánh nắng trực tiếp.         Không để gần nguồn nhiệt cao.         Tránh để sản phẩm ở nơi ẩm ướt.                     Lưu ý               Sản phẩm chỉ sử dụng cho trẻ từ 3 tuổi trở lên.         Nên thử trên một vùng da nhỏ trước khi sử dụng để kiểm tra phản ứng.         Không dán lên vùng da bị tổn thương hoặc dị ứng.                     Thành phần               Giấy dán an toàn         Mực in không độc hại         Các thành phần tạo hình"
87662,0804104480001,99000.0000,3292,Thời trang,3958,Cơ cấu hàng cũ,7007,"Thời trang bé trai, bé gái cũ",6992,Áo bé gái,Không xác định,CF (ConCung Fashion),Không xác định,1570030792,False,2019-10-02 15:39:52.453,2025-08-18 09:59:19.847000,2.0,2025-07-18 17:59:29.898256,,Không xác định,Bé Gái,Từ 1Y,Áo,0.0000,,Không xác định,Không xác định,Không xác định,Không xác định,Không xác định,0,Không xác định
64813,0009210000020,59000.0000,351,Đồ chơi & Sách,2031,1Y+,2159,Học tập và phát triển tư duy,2188,Học tập,"Hiện nay nhiều bố mẹ rất quan tâm đến việc chọn mua đồ chơi phù hợp cho bé yêu của mình, bởi đồ chơi không chỉ là người bạn thân thiết mà còn là món đồ có thể giúp bé tìm hiểu và khám phá thế giới xung quanh, đồng thời phát triển tư duy và học tập. Đồ chơi âm thanh gỗ Tottosi lục lạc cá heo được làm bằng gỗ tự nhiên, chất lượng cao rất bền và chắc chắn. Bên cạnh để vui chơi, sản phẩm còn giúp bé phát triển thính giác, màu sắc, kết hợp định hướng không gian trái, phải, trên, dưới, kết hợp vận động tay. Âm thanh lách tách tạo sự thích thú cho bé để vui chơi. ĐẶC ĐIỂM SẢN PHẨM Chất liệu gỗ tự nhiên không độc hại Đồ chơi âm thanh gỗ Tottosi lục lạc cá heo được làm từ gỗ tự nhiên, chất liệu sơn gốc nước , không góc cạnh, an toàn cho sức khỏe của bé nên bố mẹ có thể yên tâm cho bé vui chơi. Dễ dàng cầm nắm, tăng cường và phát triển các kĩ năng của bé Sản phẩm có màu sắc tươi sáng, hình thù ngộ nghĩnh kích thích thị giác của bé phát triển, giúp bé nhận biết một số màu sắc cơ bản. Ngoài ra, sản phẩm còn có kích thước phù hợp để tay bé cầm nắm và khuyến khích bé phát triển trực quan, xúc giác. Chắc chắc bé yêu của bạn sẽ thích thú và say mê với món đồ chơi này. Âm thanh leng keng tao sự thích thú cho bé để vui chơi, người lớn có thể áp dụng lắc để tạo ra âm thanh giúp trẻ nghe và định hướng được âm thanh khi vui chơi. THÔNG TIN SẢN PHẨM Tên sản phẩm: Đồ chơi âm thanh gỗ Tottosi lục lạc cá heo Thương hiệu: Tottosi Sản xuất tại: Việt Nam Chất liệu: Gỗ tự nhiên Kích thước sản phẩm (D x R x C mm): 115 x 105 x 18 Trọng lượng (g): 54",Tottosi,Không xác định,1476485450,False,2016-10-14 22:50:50.903,2025-09-27 00:05:36.233000,2.0,2025-07-18 17:59:29.898256,,Không xác định,Không xác định,Không xác định,Không xác định,25252.0000,,Không xác định,Không xác định,Không xác định,Không xác định,Không xác định,0,"Chi tiết sản phẩm                     Tên sản phẩm: Đồ chơi âm thanh gỗ Tottosi lục lạc cá heo         Thương hiệu: Tottosi         Sản xuất tại: Việt Nam         Chất liệu: Gỗ tự nhiên         Kích thước sản phẩm (D x R x C mm): 115 x 105 x 18         Trọng lượng (g): 54                        **Đồ chơi âm thanh gỗ Tottosi lục lạc cá heo** là một món đồ chơi thú vị dành cho trẻ từ 1-3 tuổi của thương hiệu Tottosi đến từ Việt Nam. Được làm từ gỗ tự nhiên chất lượng cao với thiết kế an toàn, sản phẩm không chỉ là món đồ chơi mà còn hỗ trợ bé trong quá trình phát triển giác quan.                        Chất liệu gỗ tự nhiên không độc hại           Đồ chơi âm thanh gỗ Tottosi lục lạc cá heo được làm từ gỗ tự nhiên, sử dụng sơn gốc nước, không có góc cạnh, đảm bảo an toàn tuyệt đối cho sức khỏe của bé. Bố mẹ có thể hoàn toàn yên tâm khi cho bé vui chơi cùng sản phẩm này.               Dễ dàng cầm nắm, tăng cường và phát triển các kĩ năng của bé      Sản phẩm có màu sắc tươi sáng và hình dáng ngộ nghĩnh giúp kích thích thị giác của bé, hỗ trợ bé nhận biết một số màu sắc cơ bản và khả năng nắm bắt vật thể. Kích thước phù hợp để tay bé cầm nắm dễ dàng, từ đó khuyến khích các kỹ năng vận động và xúc giác phát triển. Bên cạnh đó, âm thanh leng keng mà lục lạc tạo ra đem đến sự thích thú, giúp trẻ vui chơi và học hỏi.               Hướng dẫn chọn size      Không áp dụng cho sản phẩm này.               Hướng dẫn sử dụng               Cho bé cầm lục lạc lên tay và lắc nhẹ nhàng.         Bố mẹ có thể tham gia chơi cùng bé để phát ra âm thanh bằng cách lắc theo nhiều hướng khác nhau.         Sử dụng lục lạc để bé học cách phương hướng âm thanh khi vui chơi.                     Hướng dẫn bảo quản               Hạn chế tiếp xúc với nước để bảo quản chất liệu gỗ được bền lâu.         Để ở nơi khô ráo, tránh ánh nắng trực tiếp nhằm bảo vệ màu sắc và độ bền sản phẩm.         Thường xuyên kiểm tra sản phẩm để đảm bảo an toàn cho bé khi sử dụng.                     Lưu ý               Sản phẩm nên được sử dụng dưới sự giám sát của người lớn.         Tránh để sản phẩm tiếp xúc với môi trường ẩm ướt.         Nên kiểm tra định kỳ để đảm bảo không có phần nào bị hư hỏng hoặc bong tróc.                     Thành phần               Gỗ tự nhiên         Sơn gốc nước"
64902,0009210000103,169000.0000,351,Đồ chơi & Sách,2031,1Y+,2159,Học tập và phát triển tư duy,2346,Lắp ráp/Xếp hình,"Là món đồ chơi nhỏ nhắn và hữu ích cho bé yêu, Đồ chơi puzzle 3D gỗ Tottosi hình rùa kích thích khả năng tò mò và trí nhớ cùng đức tính kiên nhẫn ở trẻ. Với những mảnh ghép nhiều màu rực rỡ, Đồ chơi puzzle 3D gỗ Tottosi hình rùa là món đồ chơi dễ thương để bé cầm nắm và luyện tập logic sắp xếp. Đặc biệt, chất liệu gỗ bền bĩ, món đồ chơi này sẽ cùng bé được lâu dài hơn. Thông tin sản phẩm: Thương hiệu: Tottosi Xuất xứ: Việt Nam Nguyên liệu: gỗ ván ép, sơn gốc nước",Tottosi,Không xác định,1476490359,False,2016-10-15 00:12:39.090,2025-09-27 00:05:36.233000,2.0,2025-07-18 17:59:29.898256,,Không xác định,Không xác định,Không xác định,Không xác định,0.0000,,Không xác định,Không xác định,Không xác định,Không xác định,Không xác định,0,"Chi tiết sản phẩm                     Tên sản phẩm: Đồ Chơi Gỗ Lắp Ráp Mô Hình Puzzle 3D Tottosi Hình Rùa 304024         Thương hiệu: Tottosi         Xuất xứ: Việt Nam         Nguyên liệu: gỗ ván ép, sơn gốc nước                        Đồ Chơi Gỗ Lắp Ráp Mô Hình Puzzle 3D Tottosi Hình Rùa 304024 là đồ chơi lắp ráp dành cho trẻ nhỏ của thương hiệu Tottosi đến từ Việt Nam. Món đồ chơi nhỏ nhắn và dễ thương này không chỉ giúp bé phát triển khả năng tư duy mà còn kích thích sự tò mò và trí nhớ.                        Đồ Chơi Gỗ Tottosi + mảnh ghép nhiều màu sắc + kích thích tư duy và sáng tạo            Đồ chơi puzzle 3D gỗ Tottosi hình rùa gồm nhiều mảnh ghép màu sắc rực rỡ, giúp bé cầm nắm và luyện tập logic sắp xếp. Đây là sản phẩm được thiết kế đặc biệt để bé có thể phát huy tính sáng tạo và khả năng tư duy từ những năm tháng đầu đời.               Hướng dẫn sử dụng               Mở hộp sản phẩm và kiểm tra tất cả các mảnh ghép.         Giúp bé nhận biết từng mảnh ghép và màu sắc.         Khuyến khích bé lắp ráp các mảnh ghép theo hình mẫu có sẵn hoặc tự do sáng tạo.         Thảo luận với bé về các hình ảnh mà bé tạo ra từ các mảnh ghép.                     Hướng dẫn bảo quản               Giữ sản phẩm ở nơi khô ráo, thoáng mát, tránh ánh nắng trực tiếp.         Vệ sinh bằng khăn ẩm, không ngâm trong nước hoặc sử dụng chất tẩy rửa mạnh.         Đảm bảo rằng bé không để đồ chơi ở nơi dễ bị rơi hoặc hư hỏng.                     Thành phần               Gỗ ván ép         Sơn gốc nước                     Lưu ý               Không cho bé chơi một mình với các mảnh ghép nhỏ để tránh nguy cơ hóc.         Nên giám sát bé trong quá trình lắp ráp sản phẩm.         Đảm bảo bé đã hiểu về các mảnh ghép trước khi thực hiện."
54717,0007030000181,145000.0000,1,Babycare,5967,Chăm sóc gia đình,5991,Chăm sóc gia đình ngừng bán,5994,Bình giữ nhiệt ngừng bán,Không xác định,ELMICH,Không xác định,1427130973,False,2015-03-23 17:16:13.677,2025-08-18 09:59:19.847000,,,,Không xác định,Không xác định,Không xác định,Không xác định,0.0000,,Không xác định,Không xác định,Không xác định,Không xác định,Không xác định,0,"Chi tiết sản phẩm                     Tên sản phẩm: Phích giữ nhiệt ELMICH inox 304 500 ml K5 2246386         Xuất xứ: Cộng hòa Czech         Thương hiệu: ELMICH         Dung tích: 500 ml         Chất liệu: Inox 304, nhựa cao cấp, silicon         Thiết kế: Kiểu dáng đơn giản và sang trọng, dễ cầm nắm                        Phích giữ nhiệt ELMICH inox 304 500 ml K5 2246386 là phích giữ nhiệt dành cho người tiêu dùng của thương hiệu ELMICH đến từ Cộng hòa Czech. Điểm nổi bật là khả năng giữ nóng và lạnh lâu và ổn định.                     Thời gian giữ nhiệt lâu - Giúp bạn tiện lợi trong việc bảo quản thực phẩm            Phích giữ nhiệt ELMICH inox 304 500 ml K5 2246386 được thiết kế với công nghệ hút chân không giúp giữ nhiệt lâu, đảm bảo rằng đồ uống của bạn luôn giữ được hương vị và nhiệt độ mong muốn trong thời gian dài.               Chất liệu an toàn cho sức khỏe - Đem lại sự yên tâm khi sử dụng            Với chất liệu inox 304 chống gỉ sét và lớp vỏ nhựa cao cấp, phích đảm bảo an toàn cho sức khỏe người sử dụng, không chuyển vị chất độc hại vào thực phẩm và dễ dàng vệ sinh sau khi sử dụng.               Hướng dẫn sử dụng               Rửa sạch ruột bình và nắp bình bằng nước rửa chén hoặc nước nóng trước khi sử dụng.         Để có hiệu quả giữ nhiệt tốt nhất, cho một ít nước nóng hoặc lạnh vào bình trước 2 phút.         Vặn chặt nắp bình theo chiều kim đồng hồ để tránh làm rò rỉ nước.         Không nên để bình ở gần nguồn nhiệt, tránh nóng trực tiếp.         Không rửa bằng máy rửa bát và chỉ rửa bằng tay với nước sạch.                     Hướng dẫn bảo quản               Rửa sạch bình và phơi khô sau khi sử dụng.         Nên lưu trữ ở nơi khô ráo, tránh ánh nắng trực tiếp.         Khi không sử dụng trong thời gian dài, nên rửa và vệ sinh bình trước khi cất đi.                     Lưu ý               Không chứa nước nóng trên 50 độ C cho các bình có ống hút trẻ nhỏ.         Tránh xa tầm tay trẻ em để tránh cáu bẩn hoặc bị bỏng.         Không để bình bị rơi từ trên cao hoặc va chạm mạnh để bảo đảm hiệu suất giữ nhiệt.                     Thành phần               Inox 304         Nhựa cao cấp         Silicon"
66162,0007090000407,67000.0000,6073,Hóa mỹ phẩm cho bé,6080,Chăm sóc sức khỏe bé,6096,Kem chống hăm,6276,Kem chống hăm Abena,"HƯỚNG DẪN SỬ DỤNG Thoa đều một lớp kem mỏng trên da bị hăm. Dùng phòng ngừa và điều trị hăm tại các vị trí như bẹn, nách và các nếp gấp khủy tay. Các vết chàm, mụn nước ở trẻ nhỏ. Sản phẩm được chứng nhận an toàn cho trẻ nhỏ. Lưu ý: sản phẩm sử dụng ngoài da, tránh tiếp xúc với mắt. THÔNG TIN SẢN PHẨM Tên sản phẩm: Kem chống hăm Abena 15ml Thương hiệu: Abena Xuất xứ: Đan Mạch",Abena,Không xác định,1479454492,False,2016-11-18 07:34:52.987,2025-09-27 00:05:36.233000,2.0,2025-07-18 17:59:29.898256,,Không xác định,Không xác định,Không xác định,Không xác định,1139.0000,,Không xác định,Không xác định,Không xác định,Không xác định,Không xác định,0,"Chi tiết sản phẩm                     Tên sản phẩm: Kem chống hăm Abena 15ml         Thương hiệu: Abena         Xuất xứ: Đan Mạch         Quy cách: Hộp 15ml         Dạng bào chế: Dạng kem                        Kem chống hăm Abena 15ml là kem chống hăm dành cho trẻ nhỏ của thương hiệu Abena đến từ Đan Mạch. Sản phẩm nổi bật với khả năng giảm viêm da và xoa dịu nhanh chóng các vết cắn.                        Kem chống hăm Abena + 20% kẽm oxide + Ngăn ngừa hăm hiệu quả           Kem chứa 20% kẽm oxide giúp làm khô và ngăn ngừa hăm tã ở trẻ nhỏ. Đây là giải pháp lý tưởng cho những trẻ em có làn da nhạy cảm, dễ bị tổn thương do nước tiểu và phân.            Chứa Allantoin + Giảm viêm da hiệu quả + Khôi phục làn da tổn thương           Allantoin trong kem có khả năng làm dịu vết thương, giảm viêm và giúp phục hồi những vùng da bị tổn thương do cháy nắng và viêm da hiệu quả.            Dạng nhũ tương dễ thẩm thấu + Giúp chăm sóc da hiệu quả           Sản phẩm được bào chế dưới dạng nhũ tương giúp thẩm thấu nhanh vào da, tạo lớp màng bảo vệ và giữ cho làn da luôn mềm mại, tránh tình trạng khô da hiệu quả.                  Hướng dẫn sử dụng               Thoa đều một lớp kem mỏng trên da bị hăm.         Sử dụng để phòng ngừa và điều trị hăm tại các vị trí như bẹn, nách và các nếp gấp khủy tay.         Có thể dùng cho các vết chàm, mụn nước ở trẻ nhỏ.                     Hướng dẫn bảo quản               Bảo quản nơi thoáng mát dưới 30 độ C.         Tránh ánh nắng trực tiếp.                     Lưu ý               Sản phẩm sử dụng ngoài da, tránh tiếp xúc với mắt.         Được chứng nhận an toàn cho trẻ nhỏ.                     Thành phần               Kẽm oxide 20%         Allantoin         Glycerin         Acid lactic         C12-15 Alky Benzoate"
129955,3533000000262,119000.0000,3292,Thời trang,3479,Quần áo & Phụ kiện sơ sinh,3531,Quần,3532,Quần sơ sinh Animo,Không xác định,Không xác định,Không xác định,1701452377,False,2023-12-01 17:39:37.730,2025-07-07 15:33:37.855222,2.0,2025-07-18 17:59:29.898256,,Không xác định,Không xác định,Không xác định,Không xác định,32701.1992,,Không xác định,Không xác định,Không xác định,Không xác định,Không xác định,1,
66159,0008030000252,950000.0000,351,Đồ chơi & Sách,2031,1Y+,4286,Vận động ngoài trời,4917,Xe đạp 2 bánh/3 bánh,"Xe 3B Nhựa Chợ Lớn L10 Chim cánh cụt, bảo hiểm, có nhạc, M1561B (Xanh) thuộc dòng xe ba bánh mới nhất và cao cấp nhất của Nhựa Chợ Lớn. Sản phẩm được đầu tư thiết kế hướng tới sự thoải mái, tiện dụng và nâng cao trải nghiệm, chắc chắn sẽ là chiếc xe yêu thích của bé. ĐẶC ĐIỂM NỔI BẬT - Kiểu dáng mới rất chắc chắn và bền bỉ. - Các bánh xe to hơn và kết cấu vững chãi hơn. - Bệ gác chân rộng lớn và thoải mái. - Bàn đạp bản lớn hỗ trợ bé vận động dễ dàng hơn. - Vòng bảo vệ được gia cố chắc chắn giúp bảo vệ bé - Dễ dàng tháo ráp khi bé không cần đến sự trợ giúp của vòng bảo vệ khi ngồi nữa. - Bên trên là bạc mái che giúp che chắn bụi, nắng khi bé được ba mẹ đẩy đi dạo mát. - Xe đảm bảo mang đến trải nghiệm thoải mái nhất cho bé và sự an tâm của bố mẹ khi cho bé sử dụng. - Sản phẩm được làm từ nguyên liệu chính phẩm, an toàn đối với sức khỏe của bé. - Tải trọng tối đa cho phép: 30kg. THÔNG TIN SẢN PHẨM: Tên sản phẩm: Xe 3B Nhựa Chợ Lớn L10 Chim cánh cụt, bảo hiểm, có nhạc, M1561B (xanh) Thương hiệu: Nhựa Chợ Lớn (Việt Nam) Màu sắc: Xanh Dương Khối lượng: Khoảng 5.9 kg Kích thước: 980 x 490 x 1050 mm Dành cho bé từ 1 đến 4 tuổi﻿",Nhựa Chợ Lớn,Không xác định,1479396718,False,2016-11-17 15:31:58.020,2025-09-27 00:05:36.233000,2.0,2025-07-18 17:59:29.898256,,Không xác định,Không xác định,Không xác định,"Xe đạp, xe 3 bánh",0.0000,,Không xác định,Không xác định,Không xác định,Không xác định,Không xác định,0,"Chi tiết sản phẩm                     Tên sản phẩm: Xe 3B Nhựa Chợ Lớn L10 Chim cánh cụt, bảo hiểm, có nhạc, M1561B (Xanh)         Thương hiệu: Nhựa Chợ Lớn (Việt Nam)         Màu sắc: Xanh Dương         Khối lượng: Khoảng 5.9 kg         Kích thước: 980 x 490 x 1050 mm         Dành cho bé: Từ 1 đến 4 tuổi         Tải trọng tối đa cho phép: 30kg                        Xe 3B Nhựa Chợ Lớn L10 Chim cánh cụt, bảo hiểm, có nhạc, M1561B (Xanh) là xe ba bánh dành cho trẻ em từ 1 đến 4 tuổi của thương hiệu Nhựa Chợ Lớn đến từ Việt Nam. Sản phẩm được đầu tư thiết kế hướng tới sự thoải mái, tiện dụng và nâng cao trải nghiệm cho bé.                        Thiết kế chắc chắn - Đảm bảo an toàn           Xe 3B Nhựa Chợ Lớn L10 có kiểu dáng mới rất chắc chắn và bền bỉ, giúp bảo vệ trẻ khi sử dụng. Các bánh xe to hơn và kết cấu vững chãi hơn, mang lại độ ổn định khi di chuyển.            Bệ gác chân rộng lớn - An toàn và thoải mái           Bệ gác chân rộng lớn và thoải mái giúp trẻ vận động dễ dàng hơn, tạo cảm giác thoải mái và vui vẻ trong suốt quá trình sử dụng.            Bàn đạp lớn - Dễ dàng vận động           Bàn đạp bản lớn hỗ trợ bé vận động một cách dễ dàng hơn, tăng cường khả năng tự giác và tự tin cho trẻ trong việc điều khiển xe.            Vòng bảo vệ chắc chắn - Đảm bảo an toàn           Vòng bảo vệ được gia cố chắc chắn giúp bảo vệ bé, dễ dàng tháo ráp khi bé không cần đến sự trợ giúp này nữa, mang đến sự linh hoạt khi sử dụng xe.            Mái che bảo vệ - An tâm khi dạo mát           Bên trên là bạc mái che giúp che chắn bụi bẩn và nắng khi trẻ được ba mẹ đẩy đi dạo, tạo cảm giác thoải mái và an tâm nhất cho cả bé và phụ huynh.               Lưu ý               Sản phẩm được làm từ nguyên liệu chất lượng, an toàn cho sức khỏe của bé.         Không sử dụng sản phẩm khi bé nặng quá 30kg."
32034,0007080000095,39000.0000,1,Babycare,62,Đồ dùng ăn uống,5933,Đồ dùng ăn uống ngừng bán,5935,Ghế ngồi ăn ngừng bán,Không xác định,Không xác định,Không xác định,1366105059,False,2013-04-16 09:37:39.223,2025-07-07 15:33:37.855222,2.0,2025-07-18 17:59:29.898256,,Không xác định,Không xác định,Không xác định,Không xác định,0.0000,,Không xác định,Không xác định,Không xác định,Không xác định,Không xác định,0,
52992,0012050000010,59000.0000,3292,Thời trang,3958,Cơ cấu hàng cũ,4344,Đồ bầu,3453,Áo ngực bầu,Không xác định,Không xác định,Không xác định,1418999066,False,2014-12-19 14:24:26.603,2025-08-18 09:59:19.847000,2.0,2025-07-18 17:59:29.898256,,Không xác định,Không xác định,Không xác định,Không xác định,5251.0000,,Không xác định,Không xác định,Không xác định,Không xác định,Không xác định,0,Không xác định
66265,0008170000251,89000.0000,351,Đồ chơi & Sách,2033,0-1Y,4278,Xúc xắc,4281,Xúc xắc Antona,"Bộ sản phẩm được làm từ 100% nhựa nguyên sinh, đảm bảo tuyệt đối an toàn cho bé khi vui chơi, đặc biệt là khi bé cầm, nắm và gặm sản phẩm.Các chi tiết được thiết kế không có ba via, các cạnh sắc đều được vê tròn, đảm bảo an toàn cho trẻ khi sử dụng.Màu sắc đa dạng, phong phú và rất bắt mắt với trẻ nhỏ.Bộ sản phẩm có nhiều hình dáng sản phẩm rất đáng yêu, ngộ nghĩnh và gần gũi với trẻ nhỏ.Âm thanh có độ lớn vừa phải, phù hợp với thính giác của trẻ.Sản phẩm gọn, xinh xắn, vừa với tay cầm của trẻ. Đặc điểm sản phẩm: Thành phần: 100% nhựa nguyên sinh Hướng dẫn bảo quản: Dùng khăn ẩm lau sạch trước khi sử dụng lần đầu và sau mỗi lần sử dụng. Để nơi sạch sẽ, khô ráo Xuất xứ: Việt Nam",Atona,Không xác định,1479651032,False,2016-11-20 14:10:32.067,2025-09-27 00:05:36.233000,2.0,2025-07-18 17:59:29.898256,,Không xác định,Không xác định,Không xác định,Không xác định,25810.0000,,Không xác định,Không xác định,Không xác định,Không xác định,Không xác định,0,"Chi tiết sản phẩm                     Tên sản phẩm: Bộ sản phẩm xúc xắc Con Cưng         Loại sản phẩm: Đồ chơi         Đối tượng sử dụng: Bé 0-6 tháng         Thương hiệu: Con Cưng         Xuất xứ: Việt Nam                     Bộ sản phẩm xúc xắc Con Cưng là đồ chơi dành cho bé 0-6 tháng của thương hiệu Con Cưng xuất xứ Việt Nam. Bộ sản phẩm được làm từ 100% nhựa nguyên sinh, đảm bảo an toàn cho bé khi vui chơi.                     Chất liệu an toàn+Đảm bảo sức khỏe cho trẻ            Bộ sản phẩm được làm từ 100% nhựa nguyên sinh, đảm bảo tuyệt đối an toàn cho bé khi vui chơi, đặc biệt là trong quá trình cầm, nắm và gặm sản phẩm.               Thiết kế an toàn + Không có góc sắc nhọn            Các chi tiết được thiết kế không có ba vía, các cạnh sắc đều được vê tròn, đảm bảo an toàn cho trẻ khi sử dụng sản phẩm.            Màu sắc đa dạng + Hấp dẫn trẻ nhỏ            Màu sắc đa dạng, phong phú và rất bắt mắt với trẻ nhỏ, giúp kích thích thị giác và sự phát triển của bé.               Âm thanh vừa phải + Phù hợp với thính giác của trẻ            Âm thanh phát ra từ sản phẩm có độ lớn vừa phải, phù hợp với thính giác của trẻ, giúp bé cảm thấy thoải mái và vui thích.            Kích thước nhỏ gọn + Thao tác dễ dàng            Sản phẩm gọn, xinh xắn, vừa vặn với tay cầm của trẻ, giúp bé dễ dàng thao tác khi chơi.               Hướng dẫn bảo quản               Dùng khăn ẩm lau sạch trước khi sử dụng lần đầu và sau mỗi lần sử dụng.         Để nơi sạch sẽ, khô ráo.                     Thành phần               100% nhựa nguyên sinh                     Lưu ý               Không để trẻ em chơi một mình mà không có sự giám sát của người lớn.         Xem kỹ sản phẩm trước khi cho trẻ sử dụng."
66413,0009050000152,85000.0000,3960,Textile,5042,Cơ cấu hàng tồn,6578,Gối cũ,6582,Gối nằm cũ,"﻿Vải PE với độ bền cao, giặt nhanh sạch và mau khô. Mặt vải phẳng mịn và đẹp ,không gây kích ứng da trẻ. Thân thiện với cơ thể bé ,tạo cảm giác thoải mái cho bé. Chất liệu bông vải mềm tạo sự êm ái cho bé khi nằm. Kích thước: 24 x 28 cm. Công dụng: Dùng gối đầu cho bé sơ sinh. Phần giữa gối lõm vào trong để giữ cố định đầu cho bé trong khi ngủ. Thiết kế với hình những con vật ngộ nghĩnh, đáng yêu ( hổ, thỏ ) với nhiều màu sắc tươi sáng sẽ làm cho bé thích thú. Tiện dụng cho bé khi đi mẫu giáo, nhà trẻ. Hướng dẫn bảo quản: Vệ sinh sản phẩm thường xuyên bằng dung dịch giặt xả chuyên dụng cho bé. Không sử dụng vật nhọn khi vệ sinh. Giặt tay hoặc cho vào túi giặt khi giặt bằng máy để đảm bảo sản phẩm không bị biến dạng và mất cấu trúc ban đầu. Tránh xa nguồn nhiệt và ánh mặt trời. Xuất xứ:  Thái Lan",PAPA,Không xác định,1480005623,False,2016-11-24 16:40:23.623,2025-09-27 00:05:36.233000,2.0,2025-07-18 17:59:29.898256,,Không xác định,Không xác định,Không xác định,Gối cho bé,31960.0000,,Không xác định,Không xác định,Không xác định,Không xác định,Không xác định,0,"Chi tiết sản phẩm                     Tên sản phẩm: Gối đầu nhỏ, chất liệu bông gòn, mát - PR80A         Chất liệu: Vải PE         Kích thước: 24 x 28 cm         Công dụng: Dùng gối đầu cho bé sơ sinh         Xuất xứ: Thái Lan                        **Gối đầu nhỏ, chất liệu bông gòn, mát - PR80A** là gối đầu dành cho bé sơ sinh của thương hiệu Con Cưng đến từ Thái Lan. Gối được làm từ chất liệu bông vải mềm mại, tạo cảm giác êm ái và thoải mái cho bé khi nằm.                        Vải PE bền và thoáng mát           Gối được làm từ vải PE với độ bền cao, giặt nhanh sạch và mau khô, mặt vải phẳng mịn không gây kích ứng da trẻ.               Thiết kế thông minh cho giấc ngủ an toàn           Phần giữa gối được thiết kế lõm vào trong để giữ cố định đầu cho bé trong khi ngủ, đồng thời giúp bé cảm thấy dễ chịu hơn.            Hình ảnh dễ thương thu hút bé           Gối có thiết kế hình những con vật ngộ nghĩnh như hổ, thỏ với nhiều màu sắc tươi sáng, giúp bé thích thú khi sử dụng.            Tiện dụng và dễ mang theo           Gối dễ dàng mang theo khi bé đi mẫu giáo, nhà trẻ, hỗ trợ tốt cho giấc ngủ của bé mọi nơi.                  Hướng dẫn sử dụng               Đặt gối trên bề mặt phẳng, sạch sẽ dành cho bé nằm.         Đảm bảo đầu bé được đặt vào phần lõm của gối để giữ cố định.         Sử dụng gối cho bé trong thời gian ngủ để tạo cảm giác thoải mái.                        Hướng dẫn bảo quản               Vệ sinh sản phẩm thường xuyên bằng dung dịch giặt xả chuyên dụng cho bé.         Không sử dụng vật nhọn khi vệ sinh để tránh làm hỏng sản phẩm.         Giặt tay hoặc cho vào túi giặt khi giặt bằng máy để đảm bảo sản phẩm không bị biến dạng.         Tránh xa nguồn nhiệt và ánh mặt trời để giữ gối luôn bền đẹp.                        Lưu ý               Nên kiểm tra sản phẩm thường xuyên để đảm bảo không bị hư hại.         Để xa tầm tay trẻ em khi không sử dụng.                        Thành phần               Vải PE         Bông vải mềm"
66706,0009050000160,469000.0000,3960,Textile,3964,Chăn,6565,Chăn vải chần bông,8,Chăn vải chần bông TH khác,"Giấc ngủ rất quan trọng đối với sức khỏe của chúng ta, đặc biệt là với trẻ nhỏ. Lựa chọn được những sản phẩm nệm gối chất lượng tốt để chăm sóc giấc ngủ cho trẻ là điều mà bậc phụ huynh nào cũng quan tâm. Bộ sản phẩm Bộ gối đôi nệm mền (50x85) BabyTop với những sắc màu dễ thương và chất liệu mềm mại mà Con Cưng giới thiệu sau đây sẽ là một gợi ý thú vị để bạn dành tặng sự quan tâm ý nghĩa cho con yêu của mình. ĐẶC ĐIỂM NỔI BẬT Chất liệu cotton thấm hút tốt Bộ gối đôi nệm mền (50x85) BabyTop có chất liệu mềm mại, chống nóng, giúp cho bé yêu có một giấc ngủ ngon và an lành. Gối ôm chính là sản phẩm hỗ trợ đắc lực đối với giấc ngủ của mỗi người bởi chúng dễ tạo cảm giác thoải mái trong khi ngủ và nhất là đối với trẻ nhỏ, thì những chiếc gối ôm xinh xắn đáng yêu này còn đóng vai trò như người bạn, giúp bé có cảm giác an toàn hơn trong khi ngủ, không còn cảm giác lo sợ khi phải ngủ một mình mà không có mẹ bên cạnh. Thiết kế riêng bảo vệ giấc ngủ bé Được thiết kế đặc biệt lõm ở phần giữa, chiếc gối giúp cân bằng hai bên đầu tránh cho bé không bị méo đầu. Với các bé năng động, hay vận động thì chiếc gối lõm còn có tác dụng giữ đầu cho bé khi bé ngọ nguậy hay trở mình, như thế đầu bé không bị tuột ra khỏi gối, dễ gây tổn thương phần đầu như những chiếc gối thông thường khác. Màu sắc họa tiết dễ thương Bộ gối đôi nệm mền (50x85) BabyTop có họa tiết nghộ nghĩnh, đáng yêu như một người bạn luôn bên cạnh bé, họa tiết được in tinh xảo và đường may chắc chắn để Mẹ an tâm cho bé sử dụng. THÔNG TIN SẢN PHẨM Tên sản phẩm: Bộ gối đôi nệm mền (50x85) BabyTop Thương hiệu: Bayby Top Sản xuất tại: Việt Nam Chất liệu: Cotton Màu sắc: Tùy từng đợt nhập hàng có màu sắc và họa tiết khác nhau.",BabyTop,Không xác định,1481042315,False,2016-12-06 16:38:35.560,2025-09-27 00:05:36.233000,2.0,2025-07-18 17:59:29.898256,,Không xác định,Không xác định,Không xác định,Không xác định,155239.0000,,Không xác định,Không xác định,Không xác định,Không xác định,Không xác định,0,"Chi tiết sản phẩmTên sản phẩm: Bộ gối đôi nệm mền (50x85) BabyTopThương hiệu: Bayby TopSản xuất tại: Việt NamChất liệu: CottonMàu sắc: Tùy từng đợt nhập hàng có màu sắc và họa tiết khác nhauBộ gối đôi nệm mền (50x85) BabyTop là bộ đồ dùng chăm sóc giấc ngủ dành cho trẻ nhỏ của thương hiệu Bayby Top đến từ Việt Nam. Sản phẩm nổi bật với chất liệu cotton mềm mại, thấm hút tốt, cùng thiết kế đặc biệt lõm ở giữa giúp bảo vệ đầu bé không bị méo, đảm bảo giấc ngủ ngon và an toàn cho bé yêu.Chất liệu cotton thấm hút tốt mang lại giấc ngủ an lành cho béBộ gối đôi nệm mền (50x85) BabyTop sử dụng chất liệu cotton mềm mại, có khả năng thấm hút tốt và chống nóng hiệu quả. Nhờ đó, bé sẽ luôn cảm thấy dễ chịu, không bị nóng bức khi nằm, giúp giấc ngủ sâu và trọn vẹn hơn. Đặc biệt, những chiếc gối ôm xinh xắn không chỉ tạo cảm giác thoải mái mà còn trở thành người bạn thân thiết, giúp bé cảm thấy an toàn và bớt bỡ ngỡ khi ngủ một mình, góp phần nâng cao chất lượng giấc ngủ cho trẻ.Thiết kế lõm đặc biệt bảo vệ đầu bé tránh méo và tổn thươngVới phần lõm thiết kế riêng ở giữa, gối giúp cân bằng hai bên đầu tránh cho bé không bị biến dạng đầu khi nằm lâu. Ngoài ra, đối với những bé hiếu động thường xuyên trở mình, gối lõm giữ đầu bé chắc chắn trong khi bé vận động, hạn chế tình trạng đầu bị tuột ra ngoài và tổn thương như khi nằm trên các loại gối thông thường.Màu sắc họa tiết dễ thương tạo không khí thân thiện cho giấc ngủ của béBộ gối đôi nệm mền BabyTop sở hữu họa tiết ngộ nghĩnh, vui tươi như những người bạn nhỏ luôn đồng hành cùng bé trong giấc ngủ. Họa tiết được in kỹ thuật cao, kết hợp đường may chắc chắn giúp sản phẩm bền đẹp, an toàn với làn da mỏng manh của trẻ và giúp mẹ hoàn toàn yên tâm khi cho bé sử dụng hàng ngày.Hướng dẫn sử dụngĐặt bộ gối đôi nệm mền trên giường hoặc nôi của bé, đảm bảo mặt nệm phẳng và sạch sẽ trước khi sử dụng.Sử dụng gối lõm để đặt đầu bé vào vị trí trung tâm nhằm tránh bị méo đầu hoặc tổn thương.Cho bé nằm thoải mái và sử dụng gối ôm như một người bạn giúp bé cảm thấy an toàn, dễ ngủ hơn.Sau khi sử dụng, giữ sản phẩm nơi khô ráo, thoáng mát để tránh ẩm mốc và duy trì độ bền của vải cotton.Hướng dẫn bảo quảnGiặt sản phẩm bằng tay hoặc máy giặt chế độ nhẹ với nước lạnh hoặc nhiệt độ vừa phải để giữ độ mềm mại của cotton.Sử dụng nước giặt dịu nhẹ, tránh dùng chất tẩy mạnh gây hư hại sợi vải và màu sắc họa tiết.Phơi sản phẩm nơi khô ráo, tránh ánh nắng trực tiếp kéo dài gây bạc màu và giảm tuổi thọ sản phẩm.Không dùng bàn là hoặc máy sấy ở nhiệt độ cao để tránh làm biến dạng hoặc co rút sản phẩm.Lưu ýSản phẩm có màu sắc và họa tiết khác nhau tùy từng đợt nhập hàng, mẹ vui lòng lựa chọn sản phẩm phù hợp.Luôn kiểm tra độ an toàn và tình trạng sản phẩm trước khi cho bé sử dụng để đảm bảo không có hư hỏng ảnh hưởng đến sức khỏe bé.Nên thay thế sản phẩm sau một thời gian dài sử dụng hoặc khi phát hiện có dấu hiệu xuống cấp nhằm bảo vệ giấc ngủ và sức khỏe bé tốt nhất.Thành phầnCotton: chất liệu mềm mại, thoáng mát, thấm hút tốt phù hợp cho làn da nhạy cảm của trẻ nhỏ."
90845,2206000000059,55000.0000,351,Đồ chơi & Sách,2038,Sách & VPP,2183,Sách,5845,"Sách tô màu, bóc dán, luyện chữ","Họa sĩ tí hon - Learn to draw...  Princess Kingdom! - Nào, ta cùng học vẽ...vương quốc công chúa! BỘ SÁCH HỌC VẼ SIÊU ĐƠN GIẢN DÀNH CHO CÁC BẠN NHỎ MẦM NON Không cần tham gia những lớp học vẽ đắt tiền, hay sắm sửa những hộp màu quá cầu kỳ, niềm đam mê hội họa và đùa nghịch với màu sắc của bé đôi khi lại bắt đầu bằng những hình phác họa đơn giản và ngộ nghĩnh như trong bộ sách: HỌA SĨ TÍ HON - Nào, ta cùng học VẼ này.Bộ sách dành cho các bạn nhỏ mầm non với hướng dẫn tỉ mỉ từng nét vẽ thẳng, cong, chéo,… và đặc biệt là thứ tự các nét vẽ từ lớn tới nhỏ để bé có thể “tập tành” dựng hình, vẽ tranh một cách SIÊU ĐƠN GIẢN. Thông tin sản phẩm: Tên sản phẩm: Họa sĩ tí hon - Learn to draw...  Princess Kingdom! - Nào, ta cùng học vẽ...vương quốc công chúa! Tác giả: Kerren Barbas Steckler Nhà xuất bản: Hà Nội Địa chỉ phát hành:CÔNG TY TNHH THƯƠNG MẠI VÀ DỊCH VỤ VĂN HÓA ĐINH TỊ, Tổ 9, Tập thể Sân Bay, Phường Long Biên, Quận Long Biên, TP Hà Nội. Chất liệu: Giấy, bìa mềm Số trang: 48 trang Kích thước(dài x rộng x dày): 21 x 27.5 x 0.5 cm",Đinh Tị,Không xác định,1583320737,False,2020-03-04 11:18:57.607,2025-09-30 12:05:22.090000,2.0,2025-07-18 17:59:29.898256,,Không xác định,Không xác định,Không xác định,Không xác định,22880.0000,,Không xác định,Không xác định,Không xác định,Không xác định,Không xác định,0,"Chi tiết sản phẩm                     Tên sản phẩm: Họa sĩ tí hon - Learn to draw... Princess Kingdom! - Nào, ta cùng học vẽ...vương quốc công chúa!         Tác giả: Kerren Barbas Steckler         Nhà xuất bản: Hà Nội         Địa chỉ phát hành: CÔNG TY TNHH THƯƠNG MẠI VÀ DỊCH VỤ VĂN HÓA ĐINH TỊ, Tổ 9, Tập thể Sân Bay, Phường Long Biên, Quận Long Biên, TP Hà Nội.         Số trang: 48 trang         Kích thước (dài x rộng x dày): 21 x 27.5 x 0.5 cm                        Họa sĩ tí hon - Learn to draw... Princess Kingdom! - Nào, ta cùng học vẽ...vương quốc công chúa! là bộ sách học vẽ siêu đơn giản dành cho các bạn nhỏ mầm non. Bộ sách giúp các bé thỏa sức khám phá niềm đam mê hội họa ngay tại nhà mà không cần tham gia các lớp học vẽ đắt tiền hay chuẩn bị những dụng cụ màu sắc quá cầu kỳ. Đây là sản phẩm tới từ nhà xuất bản Hà Nội, với sự hướng dẫn chi tiết giúp bé dễ dàng tiếp cận nghệ thuật bằng các nét vẽ cơ bản một cách vui nhộn và thân thiện.                        Bộ sách học vẽ đơn giản giúp phát triển kỹ năng hội họa cho trẻ mầm non            Bộ sách ""Họa sĩ tí hon - Learn to draw... Princess Kingdom!"" là công cụ tuyệt vời giúp các bạn nhỏ mầm non làm quen với phác họa những hình vẽ cơ bản như nét thẳng, nét cong, nét chéo. Qua từng trang sách, bé sẽ được hướng dẫn tỉ mỉ cách vẽ từng nét cùng thứ tự từ lớn tới nhỏ, hỗ trợ quá trình tập tành dựng hình và tạo tranh màu một cách dễ dàng và vui nhộn, khơi dậy năng khiếu hội họa ngay từ những bước đầu tiên.            Chất liệu giấy và thiết kế bìa mềm an toàn, thân thiện với trẻ em            Sách được in trên chất liệu giấy an toàn, bìa mềm dễ dàng cầm nắm, đảm bảo an toàn sức khỏe cho bé khi sử dụng. Với kích thước chuẩn 21 x 27.5 x 0.5 cm và số trang vừa đủ 48 trang, bộ sách không quá dày nhưng đủ để trẻ thỏa sức sáng tạo cùng màu sắc, phù hợp với lứa tuổi mầm non và dễ dàng bảo quản trong tủ sách của gia đình.               Hướng dẫn sử dụng               Chuẩn bị giấy vẽ hoặc các dụng cụ màu sắc đơn giản như bút chì màu, bút sáp, hay màu nước để bé phối hợp cùng bộ sách.         Bé làm quen với từng nét vẽ hướng dẫn trong sách theo thứ tự từ lớn đến nhỏ, tập luyện phác họa các hình đơn giản trước.         Khuyến khích bé sáng tạo thêm các chi tiết riêng để tăng tính sáng tạo và yêu thích hội họa.         Phụ huynh đồng hành hỗ trợ bé khi cần thiết, giúp bé cảm thấy vui vẻ và tự tin hơn khi học vẽ.         Lưu trữ sách nơi khô ráo, tránh ẩm mốc để giữ sách luôn trong tình trạng tốt nhất cho các lần học tiếp theo.                     Hướng dẫn bảo quản               Bảo quản sách nơi khô ráo, tránh ẩm ướt gây hư hỏng giấy và bìa.         Tránh để sách tiếp xúc với ánh nắng trực tiếp làm phai màu và cong vênh bìa.         Khi không sử dụng, nên lưu trữ sách trong hộp hoặc kệ sách phù hợp để giữ sách được bền đẹp lâu dài.         Không dùng vật sắc nhọn làm rách hay hư hỏng các trang sách trong quá trình sử dụng.                     Lưu ý               Bộ sách phù hợp cho các bé ở độ tuổi mầm non bắt đầu làm quen với vẽ phác họa đơn giản.         Không cần sắm dụng cụ vẽ đắt tiền để bé có thể bắt đầu khám phá hội họa cùng sách.         Phụ huynh nên thường xuyên đồng hành và tạo động lực khuyến khích bé phát triển năng khiếu hội họa.                     Thành phần               Chất liệu giấy         Bìa mềm"
157895,3951000000365,239000.0000,3292,Thời trang,4561,Thời trang bé trai,4567,Bộ bé trai,3951,Bộ bé trai Animo,Không xác định,Animo,Không xác định,1741968709,False,2025-03-14 16:11:49.973,2025-09-25 08:05:03.090000,2.0,2025-07-18 17:59:29.898256,,Không xác định,Không xác định,Không xác định,Không xác định,90007.4000,,Không xác định,Không xác định,Không xác định,Không xác định,Không xác định,1,Không xác định
101661,3532104170002,49000.0000,3292,Thời trang,3958,Cơ cấu hàng cũ,6629,"Quần, áo & phụ kiện sơ sinh cũ",3584,Quần sơ sinh,Không xác định,Không xác định,Không xác định,1623159863,False,2021-06-08 13:44:23.100,2025-07-07 15:33:37.855222,2.0,2025-07-18 17:59:29.898256,,Không xác định,Không xác định,Không xác định,Không xác định,9751.0000,,Không xác định,Không xác định,Không xác định,Không xác định,Không xác định,0,
66717,0006040000078,99000.0000,1,Babycare,62,Đồ dùng ăn uống,63,Dụng cụ ăn uống,5915,Dụng cụ ăn uống Ami,"Bình muỗng ăn dặm silicone mềm 150ml, AM55103 (Hồng) với chất liệu Silicone rất mềm và thiết kế nhỏ gọn, giúp bé dễ dàng cầm nắm và tập ăn dặm hiệu quả hơn. Ưu điểm nổi bật của sản phẩm - Thân bình bằng silicone mềm dễ dàng đút thức ăn cho bé- Thiết kế nhỏ gọn tiện lợi sử dụng ở mọi nơi.- Chất liệu nhựa PP và silicone cao cấp, không chứa BPA tiêu chuẩn Mỹ và EU.Hướng dẫn sử dụngBình có muỗng với rãnh ở đầu dùng đút bột hoặc thức ăn đặc cho trẻ, bóp nhẹ vào thân bình cho dung dịch chảy ra. Lưu ý: Đậy nắp khi không sử dụng, giữ vệ sinh.Thông tin sản phẩmTên sản phẩm: Bình muỗng ăn dặm silicone mềm 150ml, AM55103 (Hồng)Thương hiệu: AmiXuất xứ: Thái Lan Kích cỡ: 6x6x19cm Dung tích: 150ml HSD: 5 năm Chất liệu: Nhựa polypropylene và silicone mềm. Sản phẩm đáp ứng tiêu chuẩn an toàn EN14372 (Châu Âu), FDA (Mỹ), Không chứa BPA.Đối tượng sử dụng: Bé từ 6 tháng tuổi. Ba mẹ ghé ngay cửa hàng mẹ và bé gần đây thuộc hệ thống Con Cưng để tìm mua và trải nghiệm thêm nhiều sản phẩm hữu ích nữa nhé. Bên cạnh đó, Ba mẹ cũng có thể chốt đơn Online bằng cách truy cập Website concung.com hoặc App Con Cưng đó ba mẹ nha. Rất nhiều phần quà hấp dẫn và ưu đãi đặc biệt đang đón chờ đấy, Ba mẹ ơi!",Ami,Không xác định,1481071493,False,2016-12-07 00:44:53.523,2025-09-27 00:05:36.233000,2.0,2025-07-18 17:59:29.898256,,Không xác định,Không xác định,Không xác định,Bình tập bé ăn,31284.0000,,Không xác định,Không xác định,Không xác định,Không xác định,Không xác định,0,Không xác định
56094,0007010000852,49000.0000,1,Babycare,35,"Bình sữa, phụ kiện",7050,Núm ty,7053,Núm ty Wesser,Không xác định,Wesser,Không xác định,1433589818,False,2015-06-06 11:23:38.280,2025-08-18 09:59:19.847000,2.0,2025-07-18 17:59:29.898256,,Không xác định,Không xác định,Không xác định,Không xác định,0.0000,,Không xác định,Không xác định,Không xác định,Không xác định,Không xác định,0,"Chi tiết sản phẩm                     Tên sản phẩm: Núm ty cổ thường Wesser size S         Chất liệu: Silicone mềm dẻo         Kích thước: Size S         Đối tượng sử dụng: Bé sơ sinh         Thương hiệu: Wesser         Xuất xứ: Không có thông tin                        Núm ty cổ thường Wesser size S là núm ty dành cho bé sơ sinh của thương hiệu Wesser. Được làm từ silicone mềm dẻo, sản phẩm an toàn và vệ sinh, mang lại sự thoải mái cho bé khi bú.                        Núm ty silicone mềm dẻo giúp cho cảm giác thân thiện và dễ chịu khi bú           Núm vú được làm từ silicone mềm dẻo, mang lại cảm giác tự nhiên và dễ chịu cho bé, giúp bé dễ dàng thích nghi với việc bú bình hơn.            Được kiểm nghiệm và chứng nhận đảm bảo an toàn cho sức khỏe trẻ nhỏ           Núm ty đã được kiểm nghiệm và chứng nhận về mức độ an toàn cho sức khỏe trẻ nhỏ, phù hợp với các tiêu chuẩn vệ sinh quốc tế.         Hướng dẫn chọn size   Sản phẩm có nhiều size khác nhau phù hợp với từng độ tuổi của bé. Hãy đo kích thước miệng và lựa chọn size phù hợp nhất cho bé.      Hướng dẫn sử dụng         Trước khi cho bé sử dụng, hãy đun sôi và tiệt trùng núm ti ở nhiệt độ 100 độ C trong 3 phút.      Sau mỗi lần sử dụng, rửa sạch núm ti bằng nước sạch.      Kiểm tra kỹ trước khi cho bé sử dụng, nếu thấy nứt hay hư hỏng hãy thay núm mới.         Hướng dẫn bảo quản         Để núm ti ở nơi khô ráo thoáng mát.      Tránh để trực tiếp dưới ánh nắng mặt trời.      Kiểm tra định kỳ để đảm bảo không có dấu hiệu hư hỏng.         Lưu ý         Chỉ sử dụng sản phẩm cho trẻ sơ sinh và trẻ nhỏ.      Cần vệ sinh thường xuyên để đảm bảo an toàn cho bé.      Núm ti không phải là đồ chơi, nên luôn để xa tầm tay trẻ em khi không sử dụng.         Thành phần         Silicone"
56095,0007010000853,49000.0000,1,Babycare,35,"Bình sữa, phụ kiện",49,Phụ kiện bình sữa,55,Phụ kiện Wesser,Không xác định,Wesser,Không xác định,1433589818,False,2015-06-06 11:23:38.347,2025-08-18 09:59:19.847000,2.0,2025-07-18 17:59:29.898256,,Không xác định,Không xác định,Không xác định,Không xác định,0.0000,,Không xác định,Không xác định,Không xác định,Không xác định,Không xác định,0,"Chi tiết sản phẩm                     Tên sản phẩm: Núm ty cổ thường Wesser size M         Chất liệu: Silicone mềm dẻo         Size: M, phù hợp với từng độ tuổi của bé         Độ chịu nhiệt: 120 độ C         Công nghệ: Sản phẩm công nghệ cao, an toàn cho bé                        **Núm ty cổ thường Wesser size M** là núm ty dành cho bé 0-6 tháng của thương hiệu Wesser đến từ Nhật Bản. Sản phẩm này được làm từ silicone mềm dẻo, một loại sản phẩm công nghệ cao, cực phẩm cho sức khỏe của bé.                        Silicone mềm dẻo - An toàn và tiện lợi           Núm ty được làm từ silicone mềm dẻo, đảm bảo sự thoải mái và an toàn tuyệt đối cho trẻ, giúp bé dễ dàng thích nghi khi sử dụng.            Đa dạng kích thước - Phù hợp với từng độ tuổi           Các size núm ty được phát triển để phù hợp với từng giai đoạn phát triển của bé, đảm bảo đáp ứng đầy đủ nhu cầu dinh dưỡng và thoải mái cho bé.                  Hướng dẫn sử dụng               Đun sôi tiệt trùng núm ti ở nhiệt độ 100 độ C trên 3 phút trước khi sử dụng.         Tránh để núm ty ở những nơi ẩm ướt, dễ bị bẩn.         Sử dụng núm ty đúng cách theo độ tuổi và kích thước phù hợp cho bé.                     Hướng dẫn bảo quản               Để núm ti ở nơi khô ráo thoáng mát, tránh ánh nắng trực tiếp.         Không để núm ty tiếp xúc trực tiếp với các chất hóa học có hại.                        Lưu ý               Kiểm tra núm ty trước khi cho bé sử dụng để đảm bảo không có hư hại nào.         Thay thế núm ty định kỳ để đảm bảo an toàn cho sức khỏe của bé.                     Thành phần               Silicone chuyên dụng"
68082,0014520040110,9000.0000,2788,Phụ kiện,397,Cơ cấu hàng cũ,3996,Phụ kiện làm đẹp tồn,3997,Băng đô tồn,Không xác định,Con Cưng,Không xác định,1484300017,False,2017-01-13 09:33:37.833,2025-09-27 00:05:36.233000,2.0,2025-07-18 17:59:29.898256,,Không xác định,Không xác định,Không xác định,Không xác định,0.0000,,Không xác định,Không xác định,Không xác định,Không xác định,Không xác định,0,"Chi tiết sản phẩm                     Tên sản phẩm: Bỉm tã quần Moony size L 44 miếng         Loại sản phẩm: Tã quần         Đối tượng sử dụng: Bé từ 9-14kg         Thương hiệu: Moony         Nguồn gốc: Đến từ Nhật Bản                        Bỉm tã quần Moony size L 44 miếng là tã quần dành cho bé từ 9-14kg của thương hiệu Moony đến từ Nhật Bản. Sản phẩm với khả năng thấm hút vượt trội và giúp bé luôn khô thoáng.                              Bỉm tã quần Moony + Khả năng thấm hút siêu tốc + Giúp bé khô thoáng cả ngày                 Bỉm tã quần Moony sở hữu khả năng thấm hút siêu tốc giúp bé luôn khô ráo và thoải mái. Thiết kế thông minh cùng chất liệu mềm mại mang lại sự dễ chịu cho làn da nhạy cảm của bé.               Bỉm tã quần Moony + Thiết kế thoáng khí + Giúp bé tự do vận động                 Với thiết kế thoáng khí, bỉm tã Moony cho phép không khí lưu thông dễ dàng, giúp bé luôn cảm thấy thoải mái và tự do vận động mà không bị gò bó.               Hướng dẫn chọn size               Size L dành cho bé có cân nặng từ 9-14kg.                        Hướng dẫn sử dụng               Mở bao bì và lấy ra tã.         Đặt tã vào dưới bé, sao cho phần lưng tã ở mức ngang với lưng của bé.         Kéo hai bên tã lên và dán sao cho vừa vặn nhưng không chặt quá.         Kiểm tra lại độ vừa vặn và điều chỉnh nếu cần thiết.                        Hướng dẫn bảo quản               Bảo quản ở nơi khô ráo, thoáng mát.         Tránh ánh sáng trực tiếp và độ ẩm cao.         Không để sản phẩm tiếp xúc với hóa chất mạnh hoặc các chất tẩy rửa.                        Lưu ý               Không sử dụng sản phẩm nếu bao bì bị vỡ.         Kiểm tra thường xuyên để đảm bảo tã không bị tràn.         Nên thay tã cho bé thường xuyên để giữ gìn sức khỏe làn da.                        Thành phần               Vải không dệt         Polymer hút ẩm         Keo dán an toàn         Bột giấy         Chất chống dị ứng         Chất tạo hương tự nhiên         Chất làm mềm         Chất tạo màu an toàn         Chất chống thấm         Nước"
59057,0007070000380,1680000.0000,1,Babycare,143,Đồ dùng ra ngoài,144,Xe đẩy,149,Xe đẩy Gluck,Không xác định,Gluck,Không xác định,1446199574,False,2015-10-30 10:06:14.030,2025-08-18 09:59:19.847000,2.0,2025-07-18 17:59:29.898256,,Không xác định,Không xác định,Không xác định,Không xác định,31920.0000,,Nâu,Không xác định,Không xác định,Không xác định,Không xác định,0,"Chi tiết sản phẩm                     Tên sản phẩm: Xe đẩy 2 chiều Gluck C8         Loại sản phẩm: Xe đẩy         Đối tượng sử dụng: Bé từ sơ sinh đến 36 tháng tuổi         Thương hiệu: Gluck         Nguồn gốc: Sản xuất tại Trung Quốc theo công nghệ Đức         Điểm nổi bật: Tay cầm điều khiển 2 chiều giúp tương tác với bé trong khi đẩy xe.                        **Xe đẩy 2 chiều Gluck C8** là xe đẩy dành cho bé từ sơ sinh đến 36 tháng tuổi của thương hiệu Gluck sản xuất tại Trung Quốc theo công nghệ Đức. Thiết kế tính năng nổi bật giúp mẹ và bé có những trải nghiệm thoải mái và an toàn khi ra ngoài.                       Tay cầm điều khiển 2 chiều giúp mẹ và bé có thể trò chuyện            Tay cầm thiết kế 2 chiều cho phép mẹ dễ dàng quan sát và giao tiếp với bé trong suốt hành trình. Không chỉ đơn thuần là một chiếc xe đẩy, đây còn là cầu nối giúp mẹ và bé gắn kết hơn.            Bộ giảm xóc ở bánh trước và bánh sau giúp di chuyển nhẹ nhàng            Với bộ giảm xóc tuyệt vời, xe đẩy Gluck C8 giúp hành trình của bé trở nên mềm mại hơn, giảm thiểu rung lắc khi di chuyển qua địa hình không bằng phẳng, bảo vệ sức khỏe cho bé.               Đai an toàn 3 nút đảm bảo an toàn tối đa cho bé            Đai an toàn 3 nút giúp giữ bé chắc chắn trong xe, tránh những tình huống không mong muốn. Mẹ có thể yên tâm hơn khi cho bé sử dụng xe đẩy khi ra ngoài.               Túi đựng đồ rộng rãi cho mẹ tiện lợi khi ra ngoài            Túi đựng đồ phía sau rộng rãi giúp mẹ có thể mang theo đồ dùng cần thiết cho bé như bình sữa, khăn lau, và đồ ăn nhẹ, tạo sự tiện lợi trong mỗi chuyến đi.            Khay ăn bột tiện lợi cho bé dùng khi ở ngoài            Khay ăn phía trước vừa có thể đựng bình sữa, vừa có thể làm bàn ăn cho bé trong những lúc đi ra ngoài, đảm bảo nhu cầu ăn uống của bé luôn được đáp ứng.               Hướng dẫn sử dụng               Trước khi sử dụng, kiểm tra kỹ xem các bộ phận có chắc chắn không.         Đặt bé vào xe và sử dụng dây đai an toàn để cố định.         Điều chỉnh tư thế ngồi hoặc nằm cho bé theo nhu cầu.         Thao tác gấp xe đơn giản chỉ bằng một tay khi cần di chuyển.                     Hướng dẫn bảo quản               Giặt vải bao bọc xe nhẹ nhàng, không dùng bột giặt mạnh.         Không ngâm sản phẩm trong nước quá lâu để tránh hư hại.         Để khô tự nhiên, không dùng máy sấy.                     Lưu ý               Luôn sử dụng dây đai an toàn khi đặt bé trong xe đẩy.         Không để bé một mình trong xe đẩy mà không có người giám sát.                     Thành phần               Khung nhôm siêu nhẹ         Vải thoáng mát         Nhựa an toàn cho bé"
70394,0024180020036,49000.0000,3292,Thời trang,3958,Cơ cấu hàng cũ,7007,"Thời trang bé trai, bé gái cũ",6993,Áo bé trai,Không xác định,Con Cưng,Không xác định,1495035974,False,2017-05-17 15:46:14.980,2025-08-18 09:59:19.847000,2.0,2025-07-18 17:59:29.898256,,Không xác định,Bé Trai,Không xác định,Áo,0.0000,,Cam,0-3M,Không xác định,Không xác định,Không xác định,0,Không xác định
91729,0980004660001,49000.0000,3292,Thời trang,3958,Cơ cấu hàng cũ,6629,"Quần, áo & phụ kiện sơ sinh cũ",6630,Áo sơ sinh,"Cặp áo sơ sinh cài chéo tay ngắn CF I0420006 (Hồng) được may hoàn toàn từ chất liệu cotton, mềm mại và an toàn cho làn da mỏng manh của bé. Áo có nhiều hình họa tiết ngẫu nhiên và dễ thương, là sản phẩm không thể thiếu Mẹ cần sắm cho bé yêu sơ sinh. ĐẶC ĐIỂM NỔI BẬT - Chất liệu vải 100% cotton mềm mại, thấm hút mồ hôi tốt, không kích ứng với làn da mỏng manh của bé. - Kiểu dáng rộng rãi, thoải mái, mát mẻ khi thời tiết nóng bức. - Gam màu hồng cùng họa tiết ngẫu nhiên đáng yêu. - Sản phẩm có nhiều size cho bé từ 0-12 tháng tuổi CÁCH BẢO QUẢN SẢN PHẨM - Không đổ trực tiếp các loại xà bông hoặc nước tẩy lên áo và hình in. - Hạn chế dùng các loại nước xả mềm vải vì nó sẽ làm sản phẩm bị giãn rất nhanh và khiến hình in bị mềm, dễ bong tróc. - Nếu bạn muốn sản phẩm thơm hơn sau khi giặt, bạn có thể dùng các loại nước xả thơm. - Không nên để sản phẩm ở những nơi ẩm ướt, với tính chất hút ẩm, hút nước tốt, sản phẩm dễ bị ẩm mốc, thậm chí để lại những vết ố trên vải. - Tránh phơi sản phẩm trực tiếp dưới nắng vì sẽ làm màu và hình in phai màu. - Không ủi lên bề mặt in hình trên sản phẩm, nên ủi ở nhiệt độ thấp và lộn trái sản phẩm ra trước khi ủi để tránh làm chết màu sắc của vải và làm bong tróc hay biến dạng những hình ảnh được in trên sản phẩm. THÔNG TIN SẢN PHẨM Tên sản phẩm: Cặp áo sơ sinh cài chéo tay ngắn CF I0420006 (Hồng) Thương hiệu: Concung Sản xuất tại: Việt Nam Chất liệu: 100% Cotton Màu sắc: Hồng, họa tiết ngẫu nhiên",CF (ConCung Fashion),Không xác định,1585317668,False,2020-03-27 14:01:08.560,2025-09-13 20:05:45.010000,2.0,2025-07-18 17:59:29.898256,,Không xác định,Không xác định,Không xác định,Áo,0.0000,,Hồng,9 tháng,Không xác định,Không xác định,Không xác định,0,Không xác định
68087,0024171040022,19000.0000,3292,Thời trang,3958,Cơ cấu hàng cũ,3535,Phụ kiện khác,3550,0-24M Áo thun bé trai tay dài đông,"Set 3 quần lót bé trai Concung I047010 Xanh với kiểu dáng và màu sắc đa dạng, xinh xắn được làm chất liệu cotton, thấm hút mồ hôi và thông thoáng, thích hợp cho làn da nhạy cảm của bé. ĐẶC ĐIỂM SẢN PHẨM Chất liệu cotton mềm mại Sản phẩm được may từ vải cotton mềm mại cho phép bé thoải mái chơi đùa, vận động mà không cảm thấy khó chịu. Bên cạnh đó, chất liệu cotton không gây kích ứng da và có khả năng thấm hút mồ hôi tốt nên Mẹ không phải lo lắng bé yêu bị nổi rôm, tuyệt đối an toàn khi sử dụng. Thiết kế đáng yêu năng động Sản phẩm được thiết kế thoải mái, các đường nối, đường cuốn biên không bị nổi cộm gây khó chịu và ngứa da bé, cho phép bé vận động dễ dàng. Bên cạnh đó bé sẽ càng đáng yêu và xinh xắn bởi những họa tiết và màu sắc trên áo cực dễ thương. THÔNG TIN SẢN PHẨM Tên sản phẩm: Set 3 quần lót bé trai Concung I047010 Xanh Thương hiệu: Concung (Việt Nạm) Chất liệu: Cotton BẢO QUẢN SẢN PHẨM Không giặt với nước nóng. Không dùng thuốc tẩy, hóa chất. Không giặt chung với quần áo sẫm màu.",Con Cưng,Không xác định,1484300018,False,2017-01-13 09:33:38.990,2025-09-27 00:05:36.233000,2.0,2025-07-18 17:59:29.898256,,Không xác định,Không xác định,Không xác định,Không xác định,0.0000,,Xanh,NB,Không xác định,Không xác định,Không xác định,0,Không xác định
54396,0020020000051,48000.0000,5217,Thực phẩm cho bé,5261,Thức ăn nghiền cho bé,5262,Rau củ nghiền,5564,Heinz,"""Sữa mẹ là thức ăn tốt nhất cho sức khỏe và sự phát triển toàn diện của trẻ nhỏ"" ""Sản phẩm này là thức ăn bổ sung và được ăn thêm cùng với sữa mẹ dùng cho trẻ trên 06 tháng tuổi"" Sản phẩm dinh dưỡng đóng lọ thịt bò, bí đỏ Heinz 140gr là thức ăn bổ sung làm bữa phụ, cung cấp dinh dưỡng từ sản phẩm tự nhiên. Giúp cho trẻ làm quen với các thức ăn đa dạng ngoài sữa Thành phần: Bí đỏ (50%), nước (26%), thịt bồ (10%), khoai tây (6%), cà rốt (5%), bột bỏng ngô(1.3%), bột ngô(1.3%), thảo mộc, không chất bảo quản. Tên sản phẩm: Dinh dưỡng đóng lọ thịt bò, bí đỏ Heinz 110g Thương hiệu: HEINZ Tên thương nhân nhập khẩu: Công ty TNHH Đất Mới Địa chỉ thương nhân nhập khẩu: Lô 133-1C, Đại lộ Độc Lập, KCN Sóng Thần 1, Phường Dĩ An, Thị xã Dĩ An, Tỉnh Bình Dương Xuất xứ: Úc Tên nhà sản xuất: H.J.Heinz Company Australia Limited Địa chỉ nhà sản xuất: 2 Southbank Blvd, Southbank, Victoria, 3006 Australia Đối tượng sử dụng:  Cho bé từ 4 tháng trở lên Thời hạn sử dụng: 24 tháng Ngày sản xuất: Được in trên nắp sản phẩm Hạn sử dụng: Được in trên nắp sản phẩm Trọng lượng: 110 gr Hướng dẫn sử dụng: Trộn đều, múc lượng vừa ăn ra tô, cốc cho trẻ Hướng dẫn bảo quản: Loại bỏ phần thừa. Phần còn lại bảo quản trong tủ lạnh 48 giờ. Thông tin cảnh báo: Không thích hợp cho đối tượng không dung nạp sữa bò, dị ứng  với lactose.﻿",Heinz,Không xác định,1424873176,False,2015-02-25 14:06:16.640,2025-09-26 08:05:02.743000,2.0,2025-07-18 17:59:29.898256,,Không xác định,Không xác định,Không xác định,Không xác định,15312.0000,,Không xác định,Không xác định,Không xác định,Không xác định,Không xác định,1,Không xác định
47164,0008030000102,2790000.0000,351,Đồ chơi & Sách,2031,1Y+,4286,Vận động ngoài trời,4917,Xe đạp 2 bánh/3 bánh,Không xác định,RoyalBaby (Mỹ),Không xác định,1402393326,False,2014-06-10 09:42:06.597,2025-09-21 10:05:06.560000,2.0,2025-07-18 17:59:29.898256,,Không xác định,Không xác định,Không xác định,"Xe đạp, xe 3 bánh",764460.0000,,Không xác định,Không xác định,Không xác định,Không xác định,Không xác định,0,"Chi tiết sản phẩm                     Tên sản phẩm: Xe đạp trẻ em Royal Baby Freestyle 16 inch Màu Đỏ RB16B-6         Loại sản phẩm: Xe đạp trẻ em         Đối tượng sử dụng: Bé từ 4-7 tuổi         Thương hiệu: Royal Baby         Nguồn gốc: Nhập khẩu chính hãng         Điểm nổi bật: Thiết kế thể thao năng động với độ an toàn cao                        Xe đạp trẻ em Royal Baby Freestyle 16 inch Màu Đỏ RB16B-6 là xe đạp trẻ em dành cho bé từ 4-7 tuổi của thương hiệu Royal Baby, nhập khẩu chính hãng. Với thiết kế thể thao năng động và độ an toàn cao, đây chính là lựa chọn tuyệt vời cho bé yêu của bạn.                        Khung thép cường lực - Đảm bảo an toàn tối đa cho bé           Khung xe được làm bằng thép cường lực, hàn TIG chắc chắn, chịu được tải trọng 2 người lớn, đảm bảo an toàn tối đa cho bé khi sử dụng.               Thiết kế phanh tay - Dễ dàng sử dụng cho trẻ           Phanh tay được thiết kế đặc biệt phù hợp với kích thước bàn tay và lực bóp của trẻ, giúp bé dễ dàng điều khiển và đảm bảo an toàn.            Lốp cao su khí nén - An toàn và êm ái           Lốp xe được làm bằng cao su khí nén rộng 6cm, mang lại cảm giác đạp êm ái, giúp trẻ di chuyển nhẹ nhàng và an toàn hơn.            Bàn đạp chống trượt - Giúp bé tự tin hơn           Bàn đạp xe chống trượt giúp bé không bị trượt chân, hạn chế tối đa tai nạn trong quá trình tập luyện.            Phụ kiện bình nước - Tiện lợi và cá tính           Bình nước tiện lợi được thiết kế riêng cho xe, giúp bé có thể uống nước dễ dàng trong quá trình hoạt động, giữ cho cơ thể luôn được cung cấp đủ nước.                  Hướng dẫn chọn size               Chiều cao phù hợp: Bé có chiều cao từ 105-135 cm                     Hướng dẫn sử dụng               Kiểm tra lốp xe trước khi sử dụng để đảm bảo không bị xì hơi.         Để bé ngồi lên xe và điều chỉnh yên xe phù hợp với chiều cao của bé.         Hướng dẫn bé cách sử dụng phanh tay trước khi bắt đầu đạp.         Chọn không gian an toàn, bằng phẳng để bé tập lái.                     Hướng dẫn bảo quản               Để xe nơi khô ráo, tránh ánh nắng trực tiếp và độ ẩm cao.         Thường xuyên kiểm tra và bảo dưỡng định kỳ cho xe để đảm bảo an toàn.         Vệ sinh xe bằng khăn ẩm để giữ cho sản phẩm luôn sạch sẽ.                        Lưu ý               Không để bé tự chơi một mình trên xe mà không có sự giám sát của người lớn.         Đảm bảo rằng bé luôn đội mũ bảo hiểm khi tập luyện.         Cần điều chỉnh yên xe thường xuyên khi bé lớn lên để đảm bảo phù hợp.                        Thành phần               Khung thép cường lực         Lốp cao su khí nén         Hộp xích nhựa ABS         Phanh tay đặc biệt         Bàn đạp chống trượt         Tay cầm cao su chống trượt         Vòng bi cải tiến         Phụ kiện bình nước"
56096,0007010000854,49000.0000,1,Babycare,35,"Bình sữa, phụ kiện",7050,Núm ty,7053,Núm ty Wesser,Không xác định,Wesser,Không xác định,1433589818,False,2015-06-06 11:23:38.390,2025-08-18 09:59:19.847000,2.0,2025-07-18 17:59:29.898256,,Không xác định,Không xác định,Không xác định,Không xác định,0.0000,,Không xác định,Không xác định,Không xác định,Không xác định,Không xác định,0,"Chi tiết sản phẩm                     Tên sản phẩm: Núm ty cổ thường Wesser size L         Chất liệu: Silicone mềm dẻo         Đối tượng sử dụng: Bé từ 0 tháng tuổi         Thương hiệu: Wesser         Xuất xứ: Việt Nam         Thích hợp cho: Các bé từ 6 tháng tuổi trở lên                     Núm ty cổ thường Wesser size L là núm vú dành cho bé từ 0 tháng tuổi của thương hiệu Wesser. Được làm từ silicone mềm dẻo, sản phẩm hoàn toàn an toàn và đã được kiểm định.                     Núm vú silicone mềm dẻo - An toàn và nhẹ nhàng cho bé           Núm ti Wesser được làm từ silicone mềm dẻo, đây là loại sản phẩm công nghệ cao, được duyệt bởi cơ quan quản lý thực phẩm và dược phẩm, tuyệt đối an toàn cho bé.            Nhiều size phù hợp - Đáp ứng nhu cầu của từng độ tuổi bé           Wesser cung cấp nhiều size núm ti khác nhau, giúp các bậc phụ huynh dễ dàng lựa chọn cho từng giai đoạn phát triển của bé.               Hướng dẫn chọn size               Size S: Dành cho bé 0-3 tháng tuổi.         Size M: Dành cho bé 3-6 tháng tuổi.         Size L: Dành cho bé 6-12 tháng tuổi.                     Hướng dẫn sử dụng               Trước khi sử dụng, hãy rửa sạch núm ty với nước sạch.         Có thể đun sôi núm ty để tiệt trùng trong 3-5 phút.         Để bé sử dụng núm ti trong tình trạng sạch sẽ và an toàn.                     Hướng dẫn bảo quản               Để núm ti ở nơi khô ráo thoáng mát.         Tránh ánh nắng trực tiếp và nơi có nhiệt độ cao.                     Lưu ý               Núm ti nên được thay thế định kỳ để đảm bảo vệ sinh.         Không sử dụng núm ti khi có dấu hiệu hư hỏng.                     Thành phần               Silicone mềm dẻo"
68228,0006040000099,49000.0000,1,Babycare,62,Đồ dùng ăn uống,71,Bình tập uống,5936,Bình tập uống ngừng bán,Không xác định,Nanny,Không xác định,1485258595,False,2017-01-24 11:49:55.057,2025-09-27 00:05:36.233000,2.0,2025-07-18 17:59:29.898256,,Không xác định,Không xác định,Không xác định,"Ly, cốc uống nước",15533.0000,,Không xác định,Không xác định,Không xác định,Không xác định,Không xác định,0,"Chi tiết sản phẩm                     Tên sản phẩm: Bỉm tã quần Moony size L 44 miếng         Loại sản phẩm: tã quần         Đối tượng sử dụng: bé 9-14kg         Thương hiệu: Moony         Nguồn gốc: đến từ Nhật Bản         Điểm nổi bật: Siêu thấm hút, mềm mại, bảo vệ làn da của bé                        Bỉm tã quần Moony size L 44 miếng là tã quần dành cho bé 9-14kg của thương hiệu Moony đến từ Nhật Bản. Siêu thấm hút, mềm mại, bảo vệ làn da của bé.                        Bỉm tã quần Moony size L + Chất liệu siêu thấm hút + Bảo vệ vùng da nhạy cảm của bé            Bỉm tã quần Moony được thiết kế với chất liệu siêu thấm hút, giúp giữ cho bé luôn khô thoáng và thoải mái. Điều này giúp giảm thiểu nguy cơ hăm tã, bảo vệ làn da nhạy cảm của bé.            Bỉm tã quần Moony size L + Thiết kế thông minh + Dễ sử dụng và thoải mái cho bé            Với thiết kế thông minh, bỉm tã quần Moony rất dễ dàng để mặc vào và tháo ra, mang đến sự tiện lợi cho cả mẹ và bé. Đặc biệt, sản phẩm còn giúp bé di chuyển thoải mái mà không bị cản trở.               Hướng dẫn chọn size      Để chọn size phù hợp, bạn nên căn cứ vào cân nặng của bé. Với bé có cân nặng từ 9-14kg, size L là lựa chọn lý tưởng.               Hướng dẫn sử dụng               Đặt bé nằm xuống và nâng chân bé lên.         Cho bỉm tã quần Moony vào vị trí dưới mông bé.         Kéo bỉm lên hai bên hông bé cho đến khi vừa khít.         Kiểm tra xem bỉm có vừa khít và không bị chảy tràn.                     Hướng dẫn bảo quản               Bảo quản bỉm tã ở nơi khô ráo, thoáng mát.         Tránh ánh nắng mặt trời chiếu trực tiếp vào sản phẩm.         Đậy kín bao bì sau khi sử dụng để tránh bụi bẩn.                     Lưu ý               Không sử dụng bỉm tã khi sản phẩm có dấu hiệu hư hỏng.         Thay bỉm cho bé thường xuyên để tránh tình trạng hăm da.                     Thành phần               Polymer hút ẩm         Vải không dệt         Bột giấy         Chất liệu màng co         Chất chống hăm         Chất chống dị ứng         Chất tạo màu thực phẩm"
68449,0024160130011,49000.0000,3292,Thời trang,3958,Cơ cấu hàng cũ,7007,"Thời trang bé trai, bé gái cũ",6992,Áo bé gái,Không xác định,Con Cưng,Không xác định,1487666260,False,2017-02-21 08:37:40.867,2025-09-27 00:05:36.233000,2.0,2025-07-18 17:59:29.898256,,Không xác định,Không xác định,Không xác định,Không xác định,10584.0000,,Không xác định,Không xác định,Không xác định,Không xác định,Không xác định,0,Không xác định
95447,3326004610001,49000.0000,3292,Thời trang,3958,Cơ cấu hàng cũ,7007,"Thời trang bé trai, bé gái cũ",6992,Áo bé gái cũ,Không xác định,CF (ConCung Fashion),Không xác định,1598269037,False,2020-08-24 11:37:17.433,2025-08-18 09:59:19.847000,2.0,2025-07-18 17:59:29.898256,,Không xác định,Bé Gái,9M-24M,Áo,5537.0000,,Hồng,6-9M,Không xác định,Không xác định,Không xác định,0,Không xác định
68522,0009250000229,199000.0000,351,Đồ chơi & Sách,2031,1Y+,2159,Học tập và phát triển tư duy,2346,Lắp ráp/Xếp hình,"Bộ lắp ráp Cảnh sát phòng chống tội phạm - Trực thăng truy băt 7009 (Banbao) là người bạn cùng vui chơi mỗi ngày với bé thông qua việc lắp ráp và sử dụng sản phẩm. Bộ sản phẩm không chỉ là món đồ chơi giải trí cho bé mà còn giúp cho bé phát triển óc sáng tạo, tăng khả năng vận động và phát triển thị giác của bé trong quá trình lắp ráp. ĐẶC ĐIỂM SẢN PHẨM Chất liệu an toàn Sản phẩm được làm từ chất liệu nhựa cao cấp với chất lượng được kiểm nghiệm theo tiêu chuẩn an toàn đồ chơi cho trẻ EN-71 của châu Âu, tuyệt đối an toàn, không nguy hiểm đến sức khỏe của trẻ, sản phẩm chống trầy xước, hạn chế nứt vỡ và bền đẹp. Thiết kế sinh động Với thiết kế đa dạng, sinh động phù hợp với nhiều lứa tuổi khác nhau, từ những bộ đơn giản cho trẻ nhỏ 4 tuổi cho đến các bộ phức tạp đòi hỏi tính kiên nhẫn, khả năng quan sát cao của trẻ trên 7 tuổi. Bé có thể lắp ráp thành mô hình xe cảnh sát đang rượt đuổi tội phạm và nhập vai vào một anh chàng cảnh sát đang làm nhiệm vụ bảo vệ sự an bình của thành phố. Phát triển tư duy, hình thành nhận thức cho trẻ Giúp trẻ rèn luyện khả năng tư duy, nuôi dưỡng trí tưởng tượng và sáng tạo, ước mơ của trẻ thông qua việc lắp ráp các mảnh ghép thành 1 khối hoàn chỉnh, thành một bức tranh mô tả cảnh quan, hoạt động cũng như các đồ vật quen thuộc trong cuộc sống thường ngày. THÔNG TIN SẢN PHẨM Tên sản phẩm: Bộ lắp ráp Cảnh sát phòng chống tội phạm - Trực thăng truy băt 7009 (Banbao) Thương hiệu: Banbao Chất liệu: Nhựa cao cấp không chứa BPA Chức năng: lắp ráp",Banbao,Không xác định,1488071328,False,2017-02-26 01:08:48.463,2025-09-27 00:05:36.233000,2.0,2025-07-18 17:59:29.898256,,Không xác định,Không xác định,Không xác định,Không xác định,0.0000,,Không xác định,Không xác định,Không xác định,Không xác định,Không xác định,0,"Chi tiết sản phẩm                     Tên sản phẩm: Bộ lắp ráp Cảnh sát phòng chống tội phạm - Trực thăng truy băt 7009         Thương hiệu: Banbao         Chất liệu: Nhựa cao cấp không chứa BPA         Chức năng: lắp ráp                     Bộ lắp ráp Cảnh sát phòng chống tội phạm - Trực thăng truy băt 7009 là bộ lắp ráp dành cho trẻ em của thương hiệu Banbao. Với thiết kế sinh động và chất liệu an toàn, sản phẩm không chỉ mang lại niềm vui trong việc lắp ráp mà còn góp phần phát triển khả năng sáng tạo và tư duy cho trẻ.                           Chất liệu an toàn giúp bảo vệ sức khỏe trẻ em           Sản phẩm được làm từ nhựa cao cấp với chất lượng đã được kiểm nghiệm theo tiêu chuẩn an toàn đồ chơi cho trẻ EN-71 của châu Âu, đảm bảo an toàn cho sức khỏe của trẻ. Sản phẩm còn chống trầy xước, hạn chế nứt vỡ và có độ bền cao.            Thiết kế sinh động thu hút trẻ em           Với thiết kế đa dạng, sản phẩm phù hợp với nhiều độ tuổi khác nhau. Trẻ nhỏ từ 4 tuổi có thể lắp ráp những bộ đơn giản, trong khi trẻ trên 7 tuổi có thể thử sức với những bộ phức tạp, giúp bé vừa vui chơi vừa phát triển khả năng quan sát và kiên nhẫn.            Phát triển tư duy và hình thành nhận thức cho trẻ           Giúp trẻ rèn luyện khả năng tư duy, nuôi dưỡng trí tưởng tượng và sáng tạo qua việc lắp ráp các mảnh ghép thành một khối hoàn chỉnh, tạo nên những bức tranh mô tả cảnh quan và hoạt động từ cuộc sống thường ngày.                  Hướng dẫn sử dụng               Mở hộp và kiểm tra đầy đủ các mảnh ghép trong bộ lắp ráp.         Tham khảo hướng dẫn lắp ráp mà sản phẩm kèm theo.         Bắt đầu lắp ráp từ các mảnh ghép đơn giản, sau đó tiến dần đến các mảnh phức tạp.         Khuyến khích trẻ tự sáng tạo cách lắp ráp mới để phát triển tư duy sáng tạo.                     Hướng dẫn bảo quản               Giữ sản phẩm nơi khô ráo, sạch sẽ, tránh ẩm ướt.         Không để sản phẩm gần các vật sắc nhọn hoặc nhiệt độ cao.         Vệ sinh sản phẩm bằng khăn ẩm để giữ sạch sẽ, không sử dụng hóa chất tẩy rửa mạnh.                     Lưu ý               Sản phẩm không thích hợp cho trẻ dưới 3 tuổi do có những mảnh ghép nhỏ.         Cha mẹ nên tham gia cùng trẻ trong quá trình lắp ráp để tăng tương tác và giám sát an toàn.         Thường xuyên kiểm tra chất lượng sản phẩm để phát hiện kịp thời các dấu hiệu hư hỏng.                     Thành phần               Nhựa cao cấp"
45840,0007010000683,83000.0000,1,Babycare,35,"Bình sữa, phụ kiện",49,Phụ kiện bình sữa,56,Phụ kiện Kuku,"Ty bình sữa dành cho bé yêu cần được thay mới thường xuyên, trung bình khoảng 2 tháng 1 lần. Ty được làm bằng chất liệu Silicone mềm với nhiều tính năng: chống rách vòng, tạo cảm giác êm ái cho nướu răng bé. Hệ thống thông hơi giúp trẻ ổn định lượng sữa khi bú và tránh nuốt phải không khí, gây đầy hơi khó chịu ở trẻ.",KUKU,Không xác định,1398814729,False,2014-04-29 23:38:49.097,2025-09-27 00:05:36.233000,2.0,2025-07-18 17:59:29.898256,,Không xác định,Không xác định,Không xác định,Không xác định,35258.4000,,Không xác định,Không xác định,Không xác định,Không xác định,Không xác định,0,"Chi tiết sản phẩm                     Tên sản phẩm: Ty thay siêu mềm bình sữa cổ rộng KU5276 size M         Thương hiệu: Kuku Duckbill         Kích cỡ: Size M         Đối tượng sử dụng: Dành cho trẻ từ 3 đến 6 tháng tuổi         Chất liệu: Silicone mềm         Số lượng: Vỉ 2 cái                        Ty thay siêu mềm bình sữa cổ rộng KU5276 size M là ty bình sữa dành cho trẻ từ 3 đến 6 tháng tuổi của thương hiệu Kuku Duckbill. Sản phẩm được thiết kế với độ mềm mại, chất liệu an toàn mang lại cảm giác dễ chịu cho bé khi bú, giúp bé cảm nhận như đang ti mẹ.                        Chống rách vòng + Tạo cảm giác êm ái cho nướu răng bé           Ty được làm từ chất liệu Silicone mềm mại, giúp chống rách vòng, tạo ra cảm giác êm ái cho nướu răng của bé khi bú. Điều này giúp bé thoải mái và dễ chịu hơn trong mỗi lần bú bình.            Hệ thống thông hơi + Tránh nuốt phải không khí           Hệ thống thông hơi giúp trẻ ổn định lượng sữa khi bú, tránh việc bé nuốt phải không khí, từ đó giảm thiểu tình trạng đầy hơi khó chịu.               Hướng dẫn sử dụng               Tiệt trùng hoặc luộc núm vú khoảng 3-5 phút trước mỗi lần sử dụng.         Các bình sữa có chất liệu nhựa chịu nhiệt PES, PPSU có thể tiệt trùng bằng lò vi sóng trong vòng 1 phút.         Thay núm ty cho bé mỗi 1 đến 2 tháng để đảm bảo bé không bị trào sữa do núm ty nhỏ hơn miệng bé.                     Hướng dẫn bảo quản               Giữ ty bình sữa ở nơi khô ráo và thoáng mát.         Tránh ánh nắng trực tiếp chiếu vào sản phẩm.         Không sử dụng các chất tẩy rửa mạnh để vệ sinh sản phẩm.                     Lưu ý               Thay núm ty đều đặn để đảm bảo an toàn cho bé.         Cần kiểm tra kỹ lưỡng sản phẩm trước mỗi lần sử dụng.                     Thành phần               Silicone cao cấp"
79090,0007390000008,445000.0000,1,Babycare,173,Đồ dùng vệ sinh,5946,Đồ dùng vệ sinh ngừng bán,5948,Thau tắm/ Lưới tắm ngừng bán,"Thau tắm Puku được được làm từ chất liệu nhựa PP, TPR cao cấp nên bố mẹ có thể yên tâm sử dụng cho bé. Thiết kế thau tiện lợi nhỏ nhắn cùng nút thoát nước mềm giúp mẹ thao tác nhanh hơn khi tắm cho bé, có chỗ để xà phòng tắm cho bé, hai bên thau có tay cầm chống trượt cho bé. ĐẶC ĐIỂM SẢN PHẨM Chất liệu nhựa cao cấp Sản phẩm được làm từ nhựa PP, TPR  cao cấp có độ bền cao và an toàn cho bé khi sử dụng. Do đó, bố mẹ có thể yên tâm khi cho con mình sử dụng sản phẩm. Thiết kế gọn gàng , họa tiết đáng yêu Thau tắm bé Puku có thiết kế gọn gàng, kèm theo nút thoát nước mềm giúp cho việc xả nước được thuận tiện hơn và dễ dàng hơn cho Bố Mẹ khi tắm bé. Bên cạnh đó, đáy thau còn được trang trí bằng họa tiết dễ thương chắc chắn sẽ làm bé thích thú hơn mỗi khi được mẹ tắm. THÔNG TIN SẢN PHẨM Tên sản phẩm: Thau tắm lớn Puku P17003-299 (viền màu xanh) Thương hiệu: Puku (Đài Loan) Xuất xứ: Đài Loan Thành phần : Nhựa PP, TPR Kích thước : 78 x 48 x 22 (cm) HƯỚNG DẪN SỬ DỤNG Dùng để tắm rửa, vệ sinh cho bé, phù hợp với các bé từ sơ sinh trở lên. Thau có nút thoát nước mềm cho việc xả nước được thuận tiện hơn. BẢO QUẢN SẢN PHẨM Vệ sinh sạch sẽ trước và sau khi sử dụng. Tránh ánh nắng trực tiếp và nguồn nhiệt",PUKU,Không xác định,1528105707,False,2018-06-04 09:48:27.157,2025-09-25 04:05:04.873000,2.0,2025-07-18 17:59:29.898256,,Không xác định,Không xác định,Không xác định,"Thau, ghế, nón tắm",60520.0000,,Không xác định,Không xác định,Không xác định,Không xác định,Không xác định,0,"Chi tiết sản phẩm                     Tên sản phẩm: Thau tắm lớn Puku P17003-299 (viền màu xanh)         Thương hiệu: Puku (Đài Loan)         Xuất xứ: Đài Loan         Thành phần: Nhựa PP, TPR         Kích thước: 78 x 48 x 22 (cm)                        **Thau tắm lớn Puku P17003-299 (viền màu xanh)** là thau tắm dành cho bé từ sơ sinh trở lên của thương hiệu Puku đến từ Đài Loan. Sản phẩm được làm từ chất liệu nhựa PP, TPR cao cấp, an toàn và tiện lợi khi tắm cho bé.                        Chất liệu nhựa cao cấp - Độ bền cao và an toàn cho bé            Sản phẩm được làm từ nhựa PP, TPR cao cấp có độ bền cao và an toàn cho bé khi sử dụng. Do đó, bố mẹ có thể yên tâm khi cho con mình sử dụng sản phẩm.               Thiết kế gọn gàng, họa tiết đáng yêu - Tiện lợi cho việc tắm bé            Thau tắm bé Puku có thiết kế gọn gàng, kèm theo nút thoát nước mềm giúp cho việc xả nước được thuận tiện hơn và dễ dàng hơn cho Bố Mẹ khi tắm bé. Bên cạnh đó, đáy thau còn được trang trí bằng họa tiết dễ thương chắc chắn sẽ làm bé thích thú hơn mỗi khi được mẹ tắm.               Hướng dẫn sử dụng               Dùng để tắm rửa, vệ sinh cho bé, phù hợp với các bé từ sơ sinh trở lên.         Utilize nút thoát nước mềm cho việc xả nước được thuận tiện hơn.                        Hướng dẫn bảo quản               Vệ sinh sạch sẽ trước và sau khi sử dụng.         Tránh ánh nắng trực tiếp và nguồn nhiệt.                        Thành phần               Nhựa PP         TPR                     Lưu ý               Không để sản phẩm nơi có hóa chất độc hại.         Tránh bị va đập mạnh."
71778,0012190160164,69000.0000,3292,Thời trang,3958,Cơ cấu hàng cũ,7007,"Thời trang bé trai, bé gái cũ",6988,Bộ quần áo bé trai,Không xác định,Con Cưng,Không xác định,1500978483,False,2017-07-25 10:28:03.797,2025-08-18 09:59:19.847000,2.0,2025-07-18 17:59:29.898256,,Không xác định,Bé Trai,Không xác định,Bộ quần áo,0.0000,,Trắng,0-3M,Không xác định,Không xác định,Không xác định,0,Không xác định
68555,0031070000008,490000.0000,3960,Textile,5042,Cơ cấu hàng tồn,7251,Đồ dùng bé ngủ cũ,6594,Đồ dùng bé ngủ tồn cũ,Không xác định,Thái Toàn (Việt Nam),Không xác định,1488192362,False,2017-02-27 10:46:02.247,2025-09-27 00:05:36.233000,2.0,2025-07-18 17:59:29.898256,,Không xác định,Không xác định,Không xác định,"Nệm, màn chống muỗi",0.0000,,Không xác định,Không xác định,Không xác định,Không xác định,Không xác định,0,"Chi tiết sản phẩm                     Tên sản phẩm: Nệm lưới Thái Toàn SIÊU THOÁNG MÁT, AN TOÀN cho Bé Yêu         Loại sản phẩm: nệm lưới         Đối tượng sử dụng: trẻ sơ sinh và trẻ nhỏ         Thương hiệu: Thái Toàn         Nguồn gốc: đến từ Thái Lan                        Nệm lưới Thái Toàn SIÊU THOÁNG MÁT, AN TOÀN cho Bé Yêu là nệm lưới dành cho trẻ sơ sinh và trẻ nhỏ của thương hiệu Thái Toàn đến từ Thái Lan. Nệm lưới Thái Toàn với thiết kế thông minh mang lại cảm giác thoáng mát và an toàn cho giấc ngủ của bé.                        Nệm lưới Thái Toàn + Thiết kế SIÊU THOÁNG MÁT + Mang lại giấc ngủ ngon cho bé           Nệm lưới Thái Toàn với chất liệu đặc biệt tạo nên khả năng thoáng khí vượt trội. Điều này giúp bé yêu của bạn luôn cảm thấy dễ chịu trong suốt giấc ngủ, không lo ngáy, không lo nóng bức, mang lại giấc ngủ ngon và sâu hơn.            Nệm lưới Thái Toàn + AN TOÀN cho sức khỏe + Giúp mẹ yên tâm khi bé ngủ            Nệm lưới Thái Toàn được thiết kế không chứa hóa chất độc hại, đảm bảo an toàn cho làn da nhạy cảm của bé. Ngay cả khi bé đổ mồ hôi hay có va chạm nhẹ, nệm vẫn giữ được độ bền và an toàn, giúp mẹ yên tâm hơn khi bé yêu ngủ ngon lành.               Hướng dẫn chọn size               Chọn nệm phù hợp với kích thước giường của bé.         Đảm bảo nệm không quá lớn so với không gian ngủ của bé.                     Hướng dẫn sử dụng               Đặt nệm ở nơi bằng phẳng, không có vật cản.         Giữ nệm khô ráo, tránh để nệm tiếp xúc trực tiếp với nước.         Thường xuyên kiểm tra nệm để đảm bảo không có bụi bẩn hoặc nước ngấm vào.                     Hướng dẫn bảo quản               Lau sạch nệm bằng vải ẩm thường xuyên.         Tránh để nệm tiếp xúc với ánh nắng trực tiếp trong thời gian dài.         Không giặt nệm bằng máy, chỉ cần lau sạch.                     Lưu ý               Bé cần được nghỉ ngơi hợp lý trên nệm.         Nên sử dụng thêm ga trải giường để bảo vệ nệm.         Luôn giữ nệm khô ráo để tránh ẩm mốc.                     Thành phần               Vải lưới thoáng khí         Chất liệu bền bỉ         Không chứa hóa chất độc hại"
68579,0006040000143,99000.0000,1,Babycare,35,"Bình sữa, phụ kiện",5890,"Bình sữa, phụ kiện ngừng bán",5894,Bình sữa Kuku,"Bình sữa Kuku nhựa PES cổ thường 140ml (KU5850A, Hồng) là một trong những sản phẩm bình sữa cao cấp được nhiều Mẹ yêu thích. Sản phẩm được thiết kế đẹp với màu sắc và họa tiết bắt mắt in bằng mực không độc hại, an toàn cho bé khi sử dụng. HƯỚNG DẪN SỬ DỤNG: Dùng để chứa sữa cho bé bú. HƯỚNG DẪN BẢO QUẢN - Thực hiện đúng hướng dẫn vệ sinh, tiệt khuẩn. Việc sử dụng bình bú có thể làmcho trẻ bỏ bú mẹ và có nguy cơ tiêu chảy. Trước khi cho bé sử dụng rút cây thông ống trong ống hút ra. - Sử dụng vú ngậm nhân tạo ảnh hưởng không tốt tới việc nuôi trẻ bằng sữa mẹ. THÔNG TIN SẢN PHẨM Tên sản phẩm: Bình sữa Kuku nhựa PES cổ thường 140ml (KU5850A, Hồng) Xuất xứ: TAIWAN Nhà sản xuất:Jini Baby International Co., ltd.ĐC :27 Jia Dong , Chang Hua, Taiwan Chất liệu sản phẩm: - Phần tiếp xúc với thực phẩm: Thân bình bằng nhựa PES (Polyether Sulfone), núm vú bằng silicone. - Phần không tiếp xúc thực phẩm: Nắp bằng nhựa PP",KUKU,Không xác định,1488288097,False,2017-02-28 13:21:37.700,2025-09-27 00:05:36.233000,2.0,2025-07-18 17:59:29.898256,,Không xác định,Không xác định,Không xác định,Bình sữa,5148.0000,,Không xác định,Không xác định,Không xác định,Không xác định,Không xác định,0,"Chi tiết sản phẩm                     Tên sản phẩm: Bình sữa Kuku nhựa PES cổ thường 140ml (KU5850A, Hồng)         Xuất xứ: TAIWAN         Nhà sản xuất: Jini Baby International Co., ltd. ĐC: 27 Jia Dong, Chang Hua, Taiwan         Chất liệu sản phẩm:                     Phần tiếp xúc với thực phẩm: Thân bình bằng nhựa PES (Polyether Sulfone), núm vú bằng silicone.            Phần không tiếp xúc thực phẩm: Nắp bằng nhựa PP.                                 Bình sữa Kuku nhựa PES cổ thường 140ml (KU5850A, Hồng) là bình sữa dành cho bé sơ sinh của thương hiệu Kuku đến từ Đài Loan. Sản phẩm nổi bật với thiết kế an toàn và dễ sử dụng cho bé.                     Bình sữa an toàn với chất liệu PES            Bình được sản xuất từ nhựa PES, một chất liệu cao cấp không chứa BPA, đảm bảo an toàn cho sức khỏe của bé khi sử dụng.            Thiết kế cổ thường thuận tiện cho việc bú            Với thiết kế cổ thường, bình dễ dàng cho bé bú và giúp mẹ thuận tiện hơn trong việc hỗ trợ bé ăn uống.               Hướng dẫn sử dụng               Dùng để chứa sữa cho bé bú.                  Hướng dẫn bảo quản               Thực hiện đúng hướng dẫn vệ sinh, tiệt khuẩn. Việc sử dụng bình bú có thể làm cho trẻ bỏ bú mẹ và có nguy cơ tiêu chảy. Trước khi cho bé sử dụng, rút cây thông ống trong ống hút ra.         Sử dụng vú ngậm nhân tạo ảnh hưởng không tốt tới việc nuôi trẻ bằng sữa mẹ.                     Lưu ý               Không bọc sản phẩm khi tiệt khuẩn, điều này có thể ảnh hưởng đến tuổi thọ của bình.         Luôn kiểm tra tình trạng của bình trước khi sử dụng để đảm bảo không có vết nứt hay hư hỏng nào.                  Thành phần               Thân bình nhựa PES (Polyether Sulfone)         Núm vú silicone         Nắp nhựa PP"
95497,3334016730001,69000.0000,3292,Thời trang,3958,Cơ cấu hàng cũ,7007,"Thời trang bé trai, bé gái cũ",6987,Bộ quần áo bé gái,Không xác định,CF (ConCung Fashion),Không xác định,1598276815,False,2020-08-24 13:46:55.867,2025-08-18 09:59:19.847000,2.0,2025-07-18 17:59:29.898256,,Không xác định,Bé Gái,18M-24M,Bộ quần áo,0.0000,,Không xác định,Không xác định,Không xác định,Không xác định,Không xác định,0,Không xác định
57448,0007030160027,39000.0000,1,Babycare,62,Đồ dùng ăn uống,71,Bình tập uống,5936,Bình tập uống ngừng bán,Không xác định,Superware,Không xác định,1439836655,False,2015-08-17 18:37:35.133,2025-08-18 09:59:19.847000,2.0,2025-07-18 17:59:29.898256,,Không xác định,Không xác định,Không xác định,Không xác định,0.0000,,Không xác định,Không xác định,Không xác định,Không xác định,Không xác định,0,"Chi tiết sản phẩm                     Tên sản phẩm: Ly có nắp Superware họa tiết gấu CL 342-3.5         Chất liệu: Melamine cao cấp, an toàn, độ bền cao.         Kích thước: Đường kính: 8cm, chiều cao: 8.5cm.         Khả năng chịu nhiệt: -20°C - 120°C.         Xuất xứ: Là sản phẩm của thương hiệu Superware Thái Lan, sản xuất tại Việt Nam.                        **Ly có nắp Superware họa tiết gấu CL 342-3.5** là ly uống nước dành cho trẻ em của thương hiệu Superware sản xuất tại Việt Nam. Sản phẩm này được làm từ chất liệu Melamine cao cấp, hoàn toàn an toàn khi tiếp xúc với thực phẩm và không bị phai màu theo thời gian.                        **Thiết kế nhỏ gọn và tiện lợi**           Ly có thiết kế nhỏ gọn, dễ dàng cho bé cầm nắm và sử dụng, cùng với nắp đậy giúp bảo quản đồ uống lâu hơn và tránh tình trạng bị bỏng khi sử dụng với các đồ uống có nhiệt độ cao.            **Chất liệu an toàn cho sức khỏe**           Made from high-quality Melamine, the Superware cup ensures that it does not leach any harmful substances into food and beverages, providing peace of mind to parents regarding their children's safety.                  Hướng dẫn sử dụng               Rửa sạch ly trước khi sử dụng lần đầu tiên.         Cho đồ uống vào ly, không vượt quá hầu hết thể tích.         Tuyệt đối không sử dụng ly với nước sôi để khử trùng quá 3 phút.         Sử dụng cho trẻ uống nước, sinh tố hoặc nước ép trái cây.                     Hướng dẫn bảo quản               Không để ly gần lửa.         Để ly nơi khô ráo, thoáng mát.         Thay ly mới khi có dấu hiệu rạn nứt hoặc biến dạng.                     Lưu ý               Không dùng ly vào mục đích nấu nướng.         Mặc dù được làm từ chất liệu an toàn, nhưng vẫn nên kiểm tra trước khi cho bé sử dụng.                        Thành phần               Melamine cao cấp         Họa tiết in trên ly"
47426,0008170000010,69000.0000,351,Đồ chơi & Sách,2033,0-1Y,5840,Phát triển giác quan,5842,Thú bông cầm tay,"Đặc điểm: - Đồ chơi bông, hình khối vuông Winnie vô cùng dễ thương. - Đồ chơi bông, hình khối vuông Winnie được làm từ 100% bông PP, loại bông sạch đảm bảo an toàn sức khỏe và thân thiện với môi trường. - Đồ chơi bông, hình khối vuông Winnie dễ thương có nhiều công dụng hữu ích: cho bé cầm chơi, treo nôi... - Bạn có thể dùng để trang trí không gian phòng ngủ cho bé. - Kích thước: 12x12cm - Chất liệu: 100% bông PP Công dụng: Dùng cho bé chơi đùa. Cần thiết cho việc phát triển kỹ năng theo dõi, quan sát, nhìn, cầm nắm và ném đồ vật của trẻ. Xuất xứ: Thái Lan",Winnie Care (Thái Lan),Không xác định,1403111348,False,2014-06-18 17:09:08.213,2025-09-27 00:05:36.233000,2.0,2025-07-18 17:59:29.898256,,Không xác định,Không xác định,Không xác định,Không xác định,0.0000,,Không xác định,Không xác định,Không xác định,Không xác định,Không xác định,0,Không xác định
60993,0007131040020,195000.0000,1,Babycare,173,Đồ dùng vệ sinh,5946,Đồ dùng vệ sinh ngừng bán,5948,Thau tắm/ Lưới tắm ngừng bán,Không xác định,PUKU,Không xác định,1456829266,False,2016-03-01 10:47:46.660,2025-08-18 09:59:19.847000,2.0,2025-07-18 17:59:29.898256,,Không xác định,Không xác định,Không xác định,Không xác định,26520.0000,,Xanh,Không xác định,Không xác định,Không xác định,Không xác định,0,Không xác định
68671,0007230000001,79000.0000,1,Babycare,5967,Chăm sóc gia đình,5981,Đồ dùng gia đình,5985,"Tủ, kệ, bàn ghế","Ghế bé yêu Duy Tân là sản phẩm giúp bé ngồi khi ăn, chơi với thiết kế đặc biệt dành riêng cho trẻ nhỏ. được thiết kế với màu sắc đa dạng và bắt mắt, có chiều cao phù hợp, tạo tư thế ngồi thoải mái cho bé. Sản phẩm không thể thiếu khi cho bé ngồi ăn, vui chơi hay học tập. ĐẶC ĐIỂM SẢN PHẨM - Sản phẩm được tạo thành từ nhựa nguyên sinh PP cao cấp, an toàn cho bé. - Họa tiết trang trí dễ thương , phù hợp với trẻ nhỏ. - Thiết kế ghế cứng cáp, vững chắc và an toàn, dễ dàng vệ sinh ghế. - Khả năng chịu va đập hiệu quả, bền chắc và chịu lực tốt - Bề mặt sản phẩm nhẵn mịn, không có góc cạnh, không lo trầy xước da bé - Ghế có lưng tựa tạo sự thoải mái, giúp bé ngồi đúng tư thế, hạn chế tối đa tình trạng cong vẹo cột sống khi bé ngồi ăn hay chơi. - Tạo hứng thú cho bé khi học tập cũng như chơi đùa. THÔNG TIN SẢN PHẨM Tên sản phẩm: Ghế bé yêu Duy Tân Thương hiệu: Duy Tân Sản xuất tại: Việt Nam Chất liệu: Nhựa nguyên sinh PP cao cấp Màu sắc: Nhiều màu Kích thước sản phẩm (D x R x C cm): 34.5 x 35 x 45 cm Trọng lượng (KG) 1.5 Loại hình bảo hành Không hỗ trợ bảo hành.",Duy Tân,Không xác định,1488473869,False,2017-03-02 16:57:49.687,2025-09-27 00:05:36.233000,2.0,2025-07-18 17:59:29.898256,,Không xác định,Không xác định,Không xác định,Không xác định,7268.0000,,Không xác định,Không xác định,Không xác định,Không xác định,Không xác định,0,"Chi tiết sản phẩm                     Tên sản phẩm: Ghế bé yêu Duy Tân         Thương hiệu: Duy Tân         Sản xuất tại: Việt Nam         Chất liệu: Nhựa nguyên sinh PP cao cấp         Màu sắc: Nhiều màu         Kích thước sản phẩm (D x R x C cm): 34.5 x 35 x 45 cm         Trọng lượng (KG): 1.5         Loại hình bảo hành: Không hỗ trợ bảo hành                        Ghế bé yêu Duy Tân là ghế ngồi cho trẻ nhỏ dành cho bé 0-6 tháng đến bé 3 tuổi của thương hiệu Duy Tân sản xuất tại Việt Nam. Sản phẩm giúp bé ngồi ăn và chơi thoải mái với thiết kế hợp lý.                              Ghế bé yêu Duy Tân chất liệu an toàn cho bé           Sản phẩm được làm từ nhựa nguyên sinh PP cao cấp, an toàn cho bé, đảm bảo sức khỏe và an toàn trong suốt quá trình sử dụng.            Ghế bé yêu Duy Tân thiết kế thoải mái cho bé            Ghế được thiết kế có lưng tựa giúp bé ngồi đúng tư thế, hạn chế tối đa tình trạng cong vẹo cột sống, tạo sự thoải mái khi bé ăn, học tập hay vui chơi.            Ghế bé yêu Duy Tân họa tiết dễ thương kích thích sự sáng tạo            Họa tiết trang trí dễ thương trên ghế giúp trẻ cảm thấy thú vị và thích thú hơn khi ngồi học tập và chơi đùa, phát triển sự sáng tạo của trẻ.            Ghế bé yêu Duy Tân bền chắc và dễ vệ sinh            Khả năng chịu va đập hiệu quả, ghế rất bền chắc và an toàn, giúp bố mẹ dễ dàng vệ sinh ghế sau mỗi lần sử dụng, giữ gìn sạch sẽ cho bé.               Hướng dẫn sử dụng               Đặt ghế trên mặt phẳng cứng, tránh dốc hay không ổn định.         Hướng dẫn bé ngồi đúng tư thế, không ngồi quá lâu để đảm bảo sức khỏe.         Vệ sinh ghế bằng khăn ẩm và dung dịch tẩy rửa nhẹ.                  Hướng dẫn bảo quản               Tránh tiếp xúc với nguồn nhiệt cao.         Để nơi khô ráo, thoáng mát.         Không để ghế dưới nơi có ánh nắng trực tiếp trong thời gian dài.                  Lưu ý               Không sử dụng ghế khi có dấu hiệu hư hỏng.         Tuân thủ hướng dẫn sử dụng để đảm bảo an toàn cho trẻ.                  Thành phần               Nhựa nguyên sinh PP cao cấp"
90846,2206000000060,55000.0000,351,Đồ chơi & Sách,2038,Sách & VPP,2183,Sách,5845,"Sách tô màu, bóc dán, luyện chữ","Họa sĩ tí hon - Learn to draw...  Things that go! - Nào, ta cùng học vẽ...các loại phương tiện! BỘ SÁCH HỌC VẼ SIÊU ĐƠN GIẢN DÀNH CHO CÁC BẠN NHỎ MẦM NON Không cần tham gia những lớp học vẽ đắt tiền, hay sắm sửa những hộp màu quá cầu kỳ, niềm đam mê hội họa và đùa nghịch với màu sắc của bé đôi khi lại bắt đầu bằng những hình phác họa đơn giản và ngộ nghĩnh như trong bộ sách: HỌA SĨ TÍ HON - Nào, ta cùng học VẼ này.Bộ sách dành cho các bạn nhỏ mầm non với hướng dẫn tỉ mỉ từng nét vẽ thẳng, cong, chéo,… và đặc biệt là thứ tự các nét vẽ từ lớn tới nhỏ để bé có thể “tập tành” dựng hình, vẽ tranh một cách SIÊU ĐƠN GIẢN. Thông tin sản phẩm: Tên sản phẩm: Họa sĩ tí hon - Learn to draw...  Things that go! - Nào, ta cùng học vẽ...các loại phương tiện! Tác giả: Kerren Barbas Steckler Nhà xuất bản: Hà Nội Địa chỉ phát hành:CÔNG TY TNHH THƯƠNG MẠI VÀ DỊCH VỤ VĂN HÓA ĐINH TỊ, Tổ 9, Tập thể Sân Bay, Phường Long Biên, Quận Long Biên, TP Hà Nội. Chất liệu: Giấy, bìa mềm Số trang: 48 trang Kích thước(dài x rộng x dày): 21 x 27.5 x 0.5 cm﻿",Đinh Tị,Không xác định,1583320812,False,2020-03-04 11:20:12.710,2025-09-30 12:05:22.090000,2.0,2025-07-18 17:59:29.898256,,Không xác định,Không xác định,Không xác định,Không xác định,22495.0000,,Không xác định,Không xác định,Không xác định,Không xác định,Không xác định,0,"Chi tiết sản phẩmTên sản phẩm:Họa sĩ tí hon - Learn to draw... Things that go! - Nào, ta cùng học vẽ...các loại phương tiện!Tác giả: Kerren Barbas StecklerNhà xuất bản: Hà NộiĐịa chỉ phát hành: CÔNG TY TNHH THƯƠNG MẠI VÀ DỊCH VỤ VĂN HÓA ĐINH TỊ, Tổ 9, Tập thể Sân Bay, Phường Long Biên, Quận Long Biên, TP Hà Nội.Số trang: 48 trangKích thước: 21 x 27.5 x 0.5 cmHọa sĩ tí hon - Learn to draw... Things that go! - Nào, ta cùng học vẽ...các loại phương tiện! là bộ sách học vẽ dành cho các bạn nhỏ mầm non của Công ty TNHH Thương Mại và Dịch Vụ Văn Hóa Đinh Tị tại Hà Nội. Bộ sách nổi bật với hướng dẫn siêu đơn giản, dễ hiểu giúp bé khám phá niềm đam mê hội họa qua từng nét vẽ thẳng, cong, chéo, cùng thứ tự các nét từ lớn đến nhỏ để “tập tành” dựng hình và vẽ tranh hiệu quả ngay tại nhà.Bộ sách học vẽ siêu đơn giản giúp bé phát triển tư duy sáng tạoBộ sách “Họa sĩ tí hon” không yêu cầu bé phải tham gia các lớp học vẽ đắt đỏ hay sử dụng những dụng cụ màu sắc phức tạp. Thay vào đó, sách thiết kế bài học theo từng bước đơn giản, dễ thực hiện, giúp bé làm quen với các nét vẽ cơ bản: thẳng, cong, chéo. Qua đó kích thích khả năng tưởng tượng và sáng tạo qua từng hình ảnh, câu chuyện về các phương tiện giao thông—từ xe tải, ô tô đến máy bay—cho bé một sân chơi nghệ thuật gần gũi và thực tế.Hướng dẫn chi tiết từng nét vẽ giúp bé dễ dàng làm quen và tự tin sáng tácBộ sách cung cấp hướng dẫn tỉ mỉ cho từng nét vẽ, từ những đường thẳng đơn giản, đường cong mềm mại đến những nét chéo năng động. Bé được học vẽ theo thứ tự từ các nét lớn đến các chi tiết nhỏ giúp quá trình dựng hình trở nên dễ dàng và logic, vừa phát triển khả năng quan sát lại nâng cao kỹ năng vận động tinh của các ngón tay. Đây chính là bước đệm quan trọng để bé tự tin sáng tác tranh và yêu thích hội họa ngay từ nhỏ.Hướng dẫn sử dụngChuẩn bị giấy vẽ và dụng cụ màu sắc đơn giản phù hợp với trẻ mầm non.Theo từng trang sách, hướng dẫn bé nhận biết các nét vẽ cơ bản như thẳng, cong, chéo.Khuyến khích bé thực hành vẽ theo thứ tự nét từ lớn đến nhỏ để hình thành các hình khối cơ bản.Hỗ trợ bé sáng tạo thêm màu sắc và các chi tiết riêng biệt trên hình vẽ.Tạo không gian vui chơi thoải mái để bé phát triển sự yêu thích với hội họa và các phương tiện giao thông.Hướng dẫn bảo quảnBảo quản sách nơi khô ráo, tránh ẩm ướt để giữ trang sách không bị mốc hoặc rách.Không để sách tiếp xúc trực tiếp với ánh nắng mặt trời lâu ngày gây phai màu.Tránh làm ướt sách hoặc để gần đồ ăn thức uống để đảm bảo sách luôn mới sạch.Lưu ýSản phẩm dành riêng cho trẻ mầm non, phụ huynh nên hướng dẫn và quan sát bé khi sử dụng.Không dùng các loại dụng cụ màu sắc sắc nhọn hoặc độc hại với trẻ để đảm bảo sự an toàn.Bộ sách tập trung tăng khả năng vẽ phác họa cơ bản, không phải là sách dạy vẽ chuyên sâu.Thành phầnGiấyBìa mềm"
95526,3339016610001,69000.0000,3292,Thời trang,3958,Cơ cấu hàng cũ,7007,"Thời trang bé trai, bé gái cũ",6990,Đầm cũ,Không xác định,CF (ConCung Fashion),Không xác định,1598277713,False,2020-08-24 14:01:53.673,2025-08-18 09:59:19.847000,2.0,2025-07-18 17:59:29.898256,,Không xác định,Bé Gái,9M-24M,"Đầm, váy",0.0000,,Trắng,6-9M,Không xác định,Không xác định,Không xác định,0,Không xác định
95528,3339016720001,69000.0000,3292,Thời trang,3958,Cơ cấu hàng cũ,7007,"Thời trang bé trai, bé gái cũ",6990,Đầm cũ,Không xác định,CF (ConCung Fashion),Không xác định,1598277713,False,2020-08-24 14:01:53.673,2025-08-18 09:59:19.847000,2.0,2025-07-18 17:59:29.898256,,Không xác định,Bé Gái,12M-18M,"Đầm, váy",0.0000,,Không xác định,Không xác định,Không xác định,Không xác định,Không xác định,0,Không xác định
51071,0007010000778,170000.0000,1,Babycare,35,"Bình sữa, phụ kiện",7050,Núm ty,7055,Núm ty Philips Avent,"- Cho bé bú sữa dễ dàng và nhiều hơn nhưng vẫn không bị sặc sữa. - Thích hợp cho bé từ 1-3 tháng tuổi. - Đầu vú mềm, được làm bằng silicon, không chứa BPA gây hại. - Vòng bao độc đáo trên đầu vú dễ dàng điều chỉnh theo nhịp bú của bé. - Có hệ thống chống đầy hơi giúp giữ không khí thay vì vào bụng của bé. Thông tin sản phẩm Tên sản phẩm: Vỉ 2 núm ty silicone Philips Avent (SCF 632/27, 2 lỗ,1-3M) Xuất xứ: Anh Nhà sản xuất: Philips Electronics UK. LTD: Philips center, Guildford Business park 4, Guidford, Surrey, GUS8XH, United Kingdom Chất liệu: - Silicon - Không có BPA Hướng dẫn sử dụng Dùng lắp vào bình sữa cho bé bú. Có thể luộc, ngâm nước sôi trước khi sử dụng Hướng dẫn bảo quản Vệ sinh sạch sẽ sau mỗi lần sử dụng, bảo quản ở nơi khô ráo, thoáng mát, không có hóa chất.",Không xác định,Không xác định,1415006758,False,2014-11-03 09:25:58.230,2025-09-27 00:05:36.233000,2.0,2025-07-18 17:59:29.898256,,Không xác định,Không xác định,Không xác định,Không xác định,30260.0000,,Không xác định,1-3 tháng,Không xác định,Không xác định,Không xác định,0,"Chi tiết sản phẩm                     Tên sản phẩm: Vỉ 2 núm ty silicone Philips Avent (SCF 632/27, 2 lỗ,1-3M)         Xuất xứ: Anh         Nhà sản xuất: Philips Electronics UK. LTD: Philips center, Guildford Business park 4, Guidford, Surrey, GUS8XH, United Kingdom         Chất liệu: Silicon, Không có BPA                        Vỉ 2 núm ty silicone Philips Avent (SCF 632/27, 2 lỗ,1-3M) là nũm ty silicone dành cho bé từ 1-3 tháng tuổi của thương hiệu Philips đến từ Anh. Sản phẩm giúp cho bé bú sữa dễ dàng và nhiều hơn nhưng vẫn không bị sặc sữa.                        Núm ty silicone mềm - an toàn và thoải mái cho bé           Đầu vú mềm, được làm bằng silicon, không chứa BPA gây hại, đảm bảo an toàn tối đa cho sức khỏe bé yêu.            Vòng bao độc đáo - điều chỉnh nhịp bú hoàn hảo cho bé            Vòng bao độc đáo trên đầu vú dễ dàng điều chỉnh theo nhịp bú của bé, giúp bé bú sữa một cách thoải mái nhất.            Chống đầy hơi - giúp giảm hiện tượng khó chịu ở bé      Có hệ thống chống đầy hơi giúp giữ không khí thay vì vào bụng của bé, bảo đảm bé luôn thoải mái và dễ dàng tiêu hóa.               Hướng dẫn sử dụng               Dùng lắp vào bình sữa cho bé bú.         Có thể luộc, ngâm nước sôi trước khi sử dụng.                     Hướng dẫn bảo quản               Vệ sinh sạch sẽ sau mỗi lần sử dụng.         Bảo quản ở nơi khô ráo, thoáng mát, không có hóa chất.                     Lưu ý               Sản phẩm chỉ thích hợp cho bé từ 1-3 tháng tuổi.         Đảm bảo vệ sinh khu vực xung quanh để bảo quản tốt sản phẩm.                     Thành phần               Silicon         Không có BPA"
47727,0007010000764,185000.0000,1,Babycare,35,"Bình sữa, phụ kiện",49,Phụ kiện bình sữa,57,Phụ kiện Philips Avent,"Đầu bàn chải cong đặc biệt và đầu tay cầm dạng đúc có thể chạm mọi góc cạnh của tất cả các loại bình sữa cổ rộng, đầu ty và sản phẩm cho bé ăn để rửa thật sạch. Đầu bàn chải cong đặc biệt và đầu tay cầm dạng đúc để chạm mọi góc cạnh của tất cả các loại bình sữa cổ rộng. Mũi kiểu đường viền cho phép bạn làm sạch bên trong đầu ty. Răng bàn chải bền mật độ cao giúp làm sạch thật kỹ toàn bộ bình sữa, đầu ty và dụng cho bé ăn của bạn Không gây trầy xước hoặc hư hỏng cho bình sữa hoặc đầu ty nhờ răng bàn chải mềm, mật độ cao. Bàn chải bình sữa và đầu ty có thể dùng được với máy rửa chén, giúp làm sạch dễ dàng. Treo bàn chải giúp bảo quản dễ dàng và làm khôBàn chải bình sữa và đầu ty được sản xuất hoàn toàn từ vật liệu không chứa BPA*",AVENT (Anh),Không xác định,1403910952,False,2014-06-27 23:15:52.200,2025-09-27 00:05:36.233000,2.0,2025-07-18 17:59:29.898256,,Không xác định,Không xác định,Không xác định,Không xác định,19795.0000,,Không xác định,Không xác định,Không xác định,Không xác định,Không xác định,0,Không xác định
93723,0068000000047,68000.0000,1,Babycare,5967,Chăm sóc gia đình,5981,Đồ dùng gia đình,5982,"Túi, hộp, màng bọc thực phẩm","- Chất liệu: ny lông thân thiện với môi trường. Ny lông sau khi sử dụng và vứt bỏ, sau 6 tháng sẽ được phân hủy hoàn toàn. - Công dụng: + Túi ny lông bảo quản thực phẩm làm từ chất liệu nhựa trong suốt đặc biệt mềm và dai, không chứa chiorine và bất kỳ phụ gia độc hại nào ảnh hưởng đến sức khỏe. + Túi đựng trong hộp giúp túi sạch và ngăn chặn sự xâm nhập của không khí trong thời gian dài. + Sản phẩm an toàn, dùng để đựng rau củ, bánh, cá, thịt trong thời gian dài, giúp thức ăn tươi ngon lâu hơn. + Sản phẩm có thể tự hủy, góp phần bảo vệ môi trường. Tiện dụng khi cần bảo quản và mang thực phẩm đi xa. + Sản phẩm được đựng trong hộp, gồm 50 túi, kích thước 25 x 35cm, đáp ứng nhu cầu đựng thực phẩm của mọi gia đình.​",Konbini,Không xác định,1594303893,False,2020-07-09 14:11:33.180,2025-09-30 12:05:22.090000,2.0,2025-07-18 17:59:29.898256,,Không xác định,Không xác định,Không xác định,"Đồ dùng, vật dụng",13328.0000,,Không xác định,Không xác định,Nhật Bản,Không xác định,Không xác định,0,"Chi tiết sản phẩmTên sản phẩm:Set 50 túi ny lông bảo quản thực phẩmXuất xứ thương hiệu: Nhật BảnChất liệu: Ny lông thân thiện với môi trườngKích thước túi: 25cm x 35cmSố lượng: 50 túi trong hộpĐặc điểm phân hủy: Ny lông sau khi sử dụng và vứt bỏ, sau 6 tháng sẽ được phân hủy hoàn toànĐóng gói: Túi đựng trong hộp giúp túi sạch và ngăn chặn sự xâm nhập của không khíSet 50 túi ny lông bảo quản thực phẩm là sản phẩm túi ny lông bảo quản thực phẩm dành cho mọi gia đình của thương hiệu Nhật Bản. Sản phẩm nổi bật với chất liệu ny lông thân thiện với môi trường có khả năng phân hủy hoàn toàn sau 6 tháng, giúp bảo quản thực phẩm an toàn, tươi ngon lâu dài và góp phần bảo vệ môi trường một cách hiệu quả.Túi ny lông bảo quản thực phẩm làm từ chất liệu nhựa mềm và dai an toàn cho sức khỏeTúi ny lông bảo quản thực phẩm được làm từ nhựa trong suốt đặc biệt mềm và dai, không chứa chloride và bất kỳ phụ gia độc hại nào ảnh hưởng đến sức khỏe người dùng. Điều này giúp bạn hoàn toàn yên tâm khi sử dụng để đựng các loại rau củ, bánh, cá, thịt hoặc thực phẩm tươi sống khác.Túi đựng thực phẩm trong hộp với thiết kế ngăn chặn sự xâm nhập không khí, giúp bảo quản lâu dàiSản phẩm được đựng trong hộp gọn gàng với 50 túi, kích thước 25x35cm, thiết kế giúp túi luôn sạch sẽ, bảo quản tốt và ngăn chặn sự xâm nhập của không khí cho thực phẩm bên trong. Nhờ đó, thực phẩm giữ được độ tươi ngon, hạn chế mất nước và mùi vị tự nhiên.Sản phẩm tự phân hủy thân thiện với môi trường, góp phần bảo vệ sức khỏe gia đìnhĐiểm đặc biệt của Set 50 túi ny lông bảo quản thực phẩm đến từ Nhật Bản này là khả năng tự phân hủy hoàn toàn trong vòng 6 tháng sau khi sử dụng và bỏ đi, giúp giảm thiểu rác thải nhựa gây ảnh hưởng xấu đến môi trường. Đồng thời, sự an toàn của nguyên liệu túi cũng góp phần bảo vệ sức khỏe cho các thành viên trong gia đình khi sử dụng hàng ngày.Hướng dẫn sử dụngLấy túi ny lông từ hộp, dùng để bảo quản thực phẩm tươi sống, rau củ, bánh trái, cá, thịt hoặc các loại thực phẩm khác.Sử dụng túi để đựng thực phẩm trước khi cất vào tủ lạnh hoặc mang đi xa nhằm giữ thực phẩm tươi ngon lâu dài.Hướng dẫn bảo quảnBảo quản ở nơi khô thoáng, tránh ánh nắng trực tiếp và nơi có nhiệt độ cao.Để hộp túi ở vị trí dễ lấy trong bếp hoặc gần khu vực sử dụng để tiện dùng.Không để túi tiếp xúc trực tiếp với các vật sắc nhọn, tránh rách, thủng khi lấy dùng.Lưu ýSản phẩm làm từ chất liệu không chứa chlorine và các phụ gia độc hại, đảm bảo an toàn cho sức khỏe người sử dụng.Không nên dùng để bảo quản các loại thức ăn có nhiệt độ cao hoặc trực tiếp trên bếp nấu.Khi sử dụng và vứt bỏ túi, sản phẩm sẽ tự phân hủy hoàn toàn trong vòng 6 tháng, góp phần bảo vệ môi trường.Túi được đóng gói trong hộp giúp giữ vệ sinh và tránh không khí xâm nhập, nâng cao hiệu quả bảo quản thực phẩm.Thành phầnNy lông thân thiện với môi trường, không chứa chlorine và các phụ gia độc hại.```"
95839,1735000000008,139000.0000,6073,Hóa mỹ phẩm cho bé,6078,Vệ sinh cho bé,6111,Kem đánh răng,6402,Kem đánh răng Splat,Không xác định,Splat,Không xác định,1600448998,False,2020-09-18 17:09:58.803,2025-08-18 09:59:19.847000,2.0,2025-07-18 17:59:29.898256,,Không xác định,Không xác định,0-36M,Không xác định,39893.0000,,Không xác định,Không xác định,Không xác định,Không xác định,Không xác định,0,"Chi tiết sản phẩm                     Tên sản phẩm: BỘ BÀN CHẢI VÀ KEM ĐÁNH RĂNG TỰ NHIÊN CHO BÉ CAO CẤP Splat hương táo - chuối 40ml         Thương hiệu: Splat         Dung tích: 40ml         Độ tuổi phù hợp: Bé sơ sinh từ 0 tháng đến 3 tuổi         Hạn sử dụng: 36 tháng kể từ ngày sản xuất                        BỘ BÀN CHẢI VÀ KEM ĐÁNH RĂNG TỰ NHIÊN CHO BÉ CAO CẤP Splat hương táo - chuối 40ml là bộ sản phẩm chăm sóc răng miệng dành cho bé sơ sinh từ 0 tháng đến 3 tuổi của thương hiệu Splat đến từ Nga. Bộ sản phẩm giúp vệ sinh răng miệng một cách dễ dàng và hiệu quả cho trẻ.                              Bàn chải silicone mềm mại giúp vệ sinh nhẹ nhàng cho răng miệng trẻ            Sản phẩm kèm theo bàn chải silicone cao cấp có chất liệu mềm mại giúp mẹ vệ sinh răng miệng cho bé dễ dàng hơn, bao gồm chải răng, nướu, rơ lưỡi.               Không chứa hóa chất gây hại cho sức khỏe răng miệng            Sản phẩm được làm từ thành phần tự nhiên, không chứa hóa chất độc hại như fluoride, SLES, PEG, parabens, và các thành phần có nguồn gốc động vật, đảm bảo an toàn cho trẻ khi sử dụng.               Hướng dẫn sử dụng               Chải răng ít nhất 2 lần/ngày hoặc theo hướng dẫn của nha sĩ.         Dùng bàn chải đánh răng phù hợp với độ tuổi của trẻ.         Rửa sạch bàn chải với nước trước khi đánh.         Cho kem đánh răng lên lông bàn chải ít nhất 1g kem đánh răng cho mỗi lần chải răng.                     Hướng dẫn bảo quản               Đậy nắp lại sau khi lấy đủ lượng kem đánh răng cần dùng.         Nặn kem từ dưới đáy dần lên phần nắp.         Cuộn tròn phần đã hết giúp tiết kiệm thời gian và dùng được lâu.         Tránh nơi ẩm ướt, và những nơi có ánh nắng trực tiếp, không để gần lửa.         Nhiệt độ lý tưởng cho kem đánh răng là từ 1 – 25 độC.                     Lưu ý               Quan sát trẻ khi sử dụng và nên cho 1 lượng rất ít để kiểm tra khi bé bắt đầu sử dụng.         Ngưng sử dụng khi có dấu hiệu dị ứng.                     Thành phần               Aqua         Hydrogenated Starch Hydrolysate         Dicalcium Phosphate Dihydrate         Hydrated Silica         Glycerin         Calcium Hydroxyapatite         Xanthan Gum         Potassium Thiocyanate         Lactoferrin         Lactoperoxidase         Glucose Oxidase         Glucose Pentaacetate         Aloe Barbadensis Leaf Extract         Aroma         Lonicera Caprifolium Flower Extract         Lonicera Japonica Flower Extract         Dipotassium Glycyrrhizate         Cocamidopropyl Betaine         o-Cymen-5-ol         Glycyrrhiza Glabra Root Extract         Vaccinium Macrocarpon Fruit Extract         Achillea Millefolium Extract         Arginine         Maltitol         Sodium Benzoate         Citric Acid         Pentylene Glycol"
99891,2051000000007,29000.0000,2788,Phụ kiện,397,Cơ cấu hàng cũ,3996,Phụ kiện làm đẹp tồn,3997,Băng đô tồn,"Set 3 băng đô cho bé với màu sắc xinh xắn cho bé càng thêm dễ thương, đáng yêuƯu điểm nổi bật của sản phẩmNhỏ gọn, xinh xắn, ngộ nghĩnh nhiều kiểu dễ thươngChất liệu vải giúp bé không bị đau tóc, khó chịu, cực êm khi dùng.Chất liệu an toàn cho sức khỏe của bé, tính thấm mỹ cao.Màu sắc, kiểu dáng đa dạng cho bé yêu nhiều sự lựa chọn, tha hồ cho bé thay đổi mỗi ngày.Đối tượng sử dụngPhù hợp cho các bé từ 1 đến 3 tuổiThành phầnVải acrylic, polyesterThông tin chi tiếtTên sản phẩm: Set 3 băng đô cho bé CF2103 MN M3792-2 (Hồng)Thương hiệu: CFXuất xứ: Trung QuốcNhà sản xuất: Mino",CF (ConCung Fashion),Không xác định,1614953214,False,2021-03-05 14:06:54.760,2025-09-30 12:05:04.640000,2.0,2025-07-18 17:59:29.898256,,Không xác định,Bé Gái,Không xác định,Băng đô,1363.0000,,Không xác định,Không xác định,Không xác định,Không xác định,Không xác định,0,"Chi tiết sản phẩm                     Tên sản phẩm: Set 3 băng đô cho bé CF2103 MN M3792-2 (Hồng)         Thương hiệu: CF         Xuất xứ: Trung Quốc         Nhà sản xuất: Mino         Đối tượng sử dụng: Phù hợp cho các bé từ 1 đến 3 tuổi                      Set 3 băng đô cho bé CF2103 MN M3792-2 (Hồng) là set băng đô cho bé dành cho trẻ 1-3 tuổi của thương hiệu CF đến từ Trung Quốc. Sản phẩm nổi bật với màu sắc xinh xắn và thiết kế đáng yêu giúp bé thêm phần dễ thương mỗi ngày.                     Set 3 băng đô nhỏ gọn xinh xắn đa kiểu cho bé thêm dễ thương           Bộ 3 băng đô với thiết kế nhỏ gọn, ngộ nghĩnh và nhiều kiểu dáng dễ thương giúp bé yêu luôn nổi bật và xinh xắn. Từng chiếc băng đô mang lại sự năng động và phong cách, thích hợp thay đổi mỗi ngày cho bé thêm phần đáng yêu và tự tin trong mọi hoạt động.            Chất liệu vải an toàn, êm ái giúp bé không đau tóc, khó chịu           Sản phẩm được làm từ chất liệu vải acrylic và polyester an toàn, mềm mịn, giúp bé không cảm thấy đau tóc hay khó chịu khi sử dụng. Băng đô cực êm ái, dễ chịu mang đến trải nghiệm dùng thoải mái, phù hợp cho làn da nhạy cảm của trẻ nhỏ.            Màu sắc và kiểu dáng đa dạng cho nhiều lựa chọn thay đổi phong cách bé           Bộ sản phẩm có nhiều màu sắc và kiểu dáng đáng yêu, tạo nhiều lựa chọn phong phú cho các bé gái. Mẹ có thể dễ dàng thay đổi băng đô cho bé mỗi ngày giúp bé luôn mới mẻ, năng động và phù hợp với trang phục hay sở thích cá nhân.               Hướng dẫn sử dụng               Lựa chọn một trong ba chiếc băng đô phù hợp với trang phục và sở thích của bé.                  Sử dụng băng đô hàng ngày hoặc khi đi chơi, đi học giúp bé thêm phần dễ thương.         Tháo băng đô nhẹ nhàng sau khi sử dụng để tránh làm rối hoặc đau tóc bé.                     Hướng dẫn bảo quản               Giặt tay nhẹ nhàng bằng nước sạch và xà phòng mềm, tránh sử dụng chất tẩy rửa mạnh.         Phơi nơi thoáng mát, tránh ánh nắng trực tiếp để giữ màu sắc và chất liệu vải bền đẹp.         Bảo quản nơi khô ráo, tránh độ ẩm cao gây mốc hoặc hỏng sản phẩm.         Không ủi hoặc giặt bằng máy để tránh làm biến dạng hoặc hư hại băng đô.                     Lưu ý               Chỉ dùng sản phẩm cho bé từ 1 đến 3 tuổi để đảm bảo phù hợp về kích cỡ và an toàn.         Kiểm tra băng đô thường xuyên để tránh trường hợp băng đô bị rách hoặc hư hại làm ảnh hưởng đến sức khỏe bé.         Không để cho bé tự ý chơi hoặc kéo băng đô quá mạnh tránh nguy cơ làm đau đầu hoặc tổn thương.                     Thành phần               Vải acrylic         Polyester"
